{
"type": "FeatureCollection",
"name": "Bangunan_Jauh_Jamal",
"crs": { "type": "name", "properties": { "name": "urn:ogc:def:crs:OGC:1.3:CRS84" } },
"features": [
{ "type": "Feature", "properties": { "full_id": "w363427137", "osm_id": "363427137", "osm_type": "way", "building": "yes", "phone": null, "height": null, "architect": null, "addr:suburb": null, "addr:street": null, "addr:province": null, "addr:postcode": null, "addr:place": null, "addr:housenumber": null, "addr:country": null, "addr:city": null, "shop": null, "religion": null, "name": null, "amenity": null, "building:walls": null, "building:use": null, "building:structure": null, "building:roof": null, "building:levels": null, "Tinggi": 3.0, "Dusun": "Kulon" }, "geometry": { "type": "MultiPolygon", "coordinates": [ [ [ [ 110.3632856, -7.7253037 ], [ 110.3633149, -7.7252694 ], [ 110.3633776, -7.725322 ], [ 110.3633483, -7.7253563 ], [ 110.3632856, -7.7253037 ] ] ] ] } },
{ "type": "Feature", "properties": { "full_id": "w363427223", "osm_id": "363427223", "osm_type": "way", "building": "yes", "phone": null, "height": null, "architect": null, "addr:suburb": null, "addr:street": null, "addr:province": null, "addr:postcode": null, "addr:place": null, "addr:housenumber": null, "addr:country": null, "addr:city": null, "shop": null, "religion": null, "name": null, "amenity": null, "building:walls": null, "building:use": null, "building:structure": null, "building:roof": null, "building:levels": null, "Tinggi": 3.0, "Dusun": "Kulon" }, "geometry": { "type": "MultiPolygon", "coordinates": [ [ [ [ 110.3632754, -7.7253127 ], [ 110.3633264, -7.7253476 ], [ 110.3632885, -7.7254019 ], [ 110.3632375, -7.725367 ], [ 110.3632754, -7.7253127 ] ] ] ] } },
{ "type": "Feature", "properties": { "full_id": "w363427242", "osm_id": "363427242", "osm_type": "way", "building": "yes", "phone": null, "height": null, "architect": null, "addr:suburb": null, "addr:street": null, "addr:province": null, "addr:postcode": null, "addr:place": null, "addr:housenumber": null, "addr:country": null, "addr:city": null, "shop": null, "religion": null, "name": null, "amenity": null, "building:walls": null, "building:use": null, "building:structure": null, "building:roof": null, "building:levels": null, "Tinggi": 3.0, "Dusun": "Kulon" }, "geometry": { "type": "MultiPolygon", "coordinates": [ [ [ [ 110.3630309, -7.7261571 ], [ 110.3630633, -7.7261074 ], [ 110.3631424, -7.7261581 ], [ 110.36311, -7.7262078 ], [ 110.3630309, -7.7261571 ] ] ] ] } },
{ "type": "Feature", "properties": { "full_id": "w363427289", "osm_id": "363427289", "osm_type": "way", "building": "yes", "phone": null, "height": null, "architect": null, "addr:suburb": null, "addr:street": null, "addr:province": null, "addr:postcode": null, "addr:place": null, "addr:housenumber": null, "addr:country": null, "addr:city": null, "shop": null, "religion": null, "name": null, "amenity": null, "building:walls": null, "building:use": null, "building:structure": null, "building:roof": null, "building:levels": null, "Tinggi": 3.0, "Dusun": "Kulon" }, "geometry": { "type": "MultiPolygon", "coordinates": [ [ [ [ 110.3631387, -7.7257331 ], [ 110.3632134, -7.7257574 ], [ 110.3631389, -7.7259824 ], [ 110.3630642, -7.7259581 ], [ 110.3631387, -7.7257331 ] ] ] ] } },
{ "type": "Feature", "properties": { "full_id": "w363428425", "osm_id": "363428425", "osm_type": "way", "building": "yes", "phone": null, "height": null, "architect": null, "addr:suburb": null, "addr:street": null, "addr:province": null, "addr:postcode": null, "addr:place": null, "addr:housenumber": null, "addr:country": null, "addr:city": null, "shop": null, "religion": null, "name": null, "amenity": null, "building:walls": null, "building:use": null, "building:structure": null, "building:roof": null, "building:levels": null, "Tinggi": 3.0, "Dusun": "Kulon" }, "geometry": { "type": "MultiPolygon", "coordinates": [ [ [ [ 110.3617947, -7.7278819 ], [ 110.3618447, -7.7278946 ], [ 110.361812, -7.7280213 ], [ 110.361762, -7.7280086 ], [ 110.3617947, -7.7278819 ] ] ] ] } },
{ "type": "Feature", "properties": { "full_id": "w363428430", "osm_id": "363428430", "osm_type": "way", "building": "yes", "phone": null, "height": null, "architect": null, "addr:suburb": null, "addr:street": null, "addr:province": null, "addr:postcode": null, "addr:place": null, "addr:housenumber": null, "addr:country": null, "addr:city": null, "shop": null, "religion": null, "name": null, "amenity": null, "building:walls": null, "building:use": null, "building:structure": null, "building:roof": null, "building:levels": null, "Tinggi": 3.0, "Dusun": "Kulon" }, "geometry": { "type": "MultiPolygon", "coordinates": [ [ [ [ 110.3608945, -7.7303034 ], [ 110.3609659, -7.7303262 ], [ 110.360934, -7.7304244 ], [ 110.3608626, -7.7304015 ], [ 110.3608945, -7.7303034 ] ] ] ] } },
{ "type": "Feature", "properties": { "full_id": "w363428433", "osm_id": "363428433", "osm_type": "way", "building": "yes", "phone": null, "height": null, "architect": null, "addr:suburb": null, "addr:street": null, "addr:province": null, "addr:postcode": null, "addr:place": null, "addr:housenumber": null, "addr:country": null, "addr:city": null, "shop": null, "religion": null, "name": null, "amenity": null, "building:walls": null, "building:use": null, "building:structure": null, "building:roof": null, "building:levels": null, "Tinggi": 3.0, "Dusun": "Kulon" }, "geometry": { "type": "MultiPolygon", "coordinates": [ [ [ [ 110.3608426, -7.729681 ], [ 110.3608415, -7.7296187 ], [ 110.3609333, -7.7296171 ], [ 110.3609344, -7.7296794 ], [ 110.3608426, -7.729681 ] ] ] ] } },
{ "type": "Feature", "properties": { "full_id": "w363428435", "osm_id": "363428435", "osm_type": "way", "building": "yes", "phone": null, "height": null, "architect": null, "addr:suburb": null, "addr:street": null, "addr:province": null, "addr:postcode": null, "addr:place": null, "addr:housenumber": null, "addr:country": null, "addr:city": null, "shop": null, "religion": null, "name": null, "amenity": null, "building:walls": null, "building:use": null, "building:structure": null, "building:roof": null, "building:levels": null, "Tinggi": 3.0, "Dusun": "Kulon" }, "geometry": { "type": "MultiPolygon", "coordinates": [ [ [ [ 110.3608697, -7.729047 ], [ 110.3609244, -7.7290724 ], [ 110.3608621, -7.7292038 ], [ 110.3608074, -7.7291784 ], [ 110.3608697, -7.729047 ] ] ] ] } },
{ "type": "Feature", "properties": { "full_id": "w363428436", "osm_id": "363428436", "osm_type": "way", "building": "yes", "phone": null, "height": null, "architect": null, "addr:suburb": null, "addr:street": null, "addr:province": null, "addr:postcode": null, "addr:place": null, "addr:housenumber": null, "addr:country": null, "addr:city": null, "shop": null, "religion": null, "name": null, "amenity": null, "building:walls": null, "building:use": null, "building:structure": null, "building:roof": null, "building:levels": null, "Tinggi": 3.0, "Dusun": "Kulon" }, "geometry": { "type": "MultiPolygon", "coordinates": [ [ [ [ 110.3612943, -7.7298433 ], [ 110.3613786, -7.7298506 ], [ 110.3613698, -7.7299503 ], [ 110.3612855, -7.729943 ], [ 110.3612943, -7.7298433 ] ] ] ] } },
{ "type": "Feature", "properties": { "full_id": "w363428438", "osm_id": "363428438", "osm_type": "way", "building": "yes", "phone": null, "height": null, "architect": null, "addr:suburb": null, "addr:street": null, "addr:province": null, "addr:postcode": null, "addr:place": null, "addr:housenumber": null, "addr:country": null, "addr:city": null, "shop": null, "religion": null, "name": null, "amenity": null, "building:walls": null, "building:use": null, "building:structure": null, "building:roof": null, "building:levels": null, "Tinggi": 3.0, "Dusun": "Kulon" }, "geometry": { "type": "MultiPolygon", "coordinates": [ [ [ [ 110.3608474, -7.7293525 ], [ 110.3608508, -7.7293014 ], [ 110.3609339, -7.7293069 ], [ 110.3609304, -7.7293581 ], [ 110.3608474, -7.7293525 ] ] ] ] } },
{ "type": "Feature", "properties": { "full_id": "w363428442", "osm_id": "363428442", "osm_type": "way", "building": "yes", "phone": null, "height": null, "architect": null, "addr:suburb": null, "addr:street": null, "addr:province": null, "addr:postcode": null, "addr:place": null, "addr:housenumber": null, "addr:country": null, "addr:city": null, "shop": null, "religion": null, "name": null, "amenity": null, "building:walls": null, "building:use": null, "building:structure": null, "building:roof": null, "building:levels": null, "Tinggi": 3.0, "Dusun": "Kulon" }, "geometry": { "type": "MultiPolygon", "coordinates": [ [ [ [ 110.3628499, -7.7253876 ], [ 110.3629215, -7.7253906 ], [ 110.3629159, -7.7255238 ], [ 110.3628443, -7.7255208 ], [ 110.3628499, -7.7253876 ] ] ] ] } },
{ "type": "Feature", "properties": { "full_id": "w363428444", "osm_id": "363428444", "osm_type": "way", "building": "yes", "phone": null, "height": null, "architect": null, "addr:suburb": null, "addr:street": null, "addr:province": null, "addr:postcode": null, "addr:place": null, "addr:housenumber": null, "addr:country": null, "addr:city": null, "shop": null, "religion": null, "name": null, "amenity": null, "building:walls": null, "building:use": null, "building:structure": null, "building:roof": null, "building:levels": null, "Tinggi": 3.0, "Dusun": "Kulon" }, "geometry": { "type": "MultiPolygon", "coordinates": [ [ [ [ 110.3618216, -7.7293431 ], [ 110.3618401, -7.7293054 ], [ 110.3619224, -7.729345 ], [ 110.3619039, -7.7293827 ], [ 110.3618216, -7.7293431 ] ] ] ] } },
{ "type": "Feature", "properties": { "full_id": "w363428446", "osm_id": "363428446", "osm_type": "way", "building": "yes", "phone": null, "height": null, "architect": null, "addr:suburb": null, "addr:street": null, "addr:province": null, "addr:postcode": null, "addr:place": null, "addr:housenumber": null, "addr:country": null, "addr:city": null, "shop": null, "religion": null, "name": null, "amenity": null, "building:walls": null, "building:use": null, "building:structure": null, "building:roof": null, "building:levels": null, "Tinggi": 3.0, "Dusun": "Kulon" }, "geometry": { "type": "MultiPolygon", "coordinates": [ [ [ [ 110.3609777, -7.7305407 ], [ 110.3610345, -7.7305641 ], [ 110.3610125, -7.7306167 ], [ 110.3609557, -7.7305934 ], [ 110.3609777, -7.7305407 ] ] ] ] } },
{ "type": "Feature", "properties": { "full_id": "w363428451", "osm_id": "363428451", "osm_type": "way", "building": "yes", "phone": null, "height": null, "architect": null, "addr:suburb": null, "addr:street": null, "addr:province": null, "addr:postcode": null, "addr:place": null, "addr:housenumber": null, "addr:country": null, "addr:city": null, "shop": null, "religion": null, "name": null, "amenity": null, "building:walls": null, "building:use": null, "building:structure": null, "building:roof": null, "building:levels": null, "Tinggi": 3.0, "Dusun": "Kulon" }, "geometry": { "type": "MultiPolygon", "coordinates": [ [ [ [ 110.3620232, -7.7282421 ], [ 110.3620332, -7.7282169 ], [ 110.3620963, -7.7282415 ], [ 110.3620863, -7.7282666 ], [ 110.3620232, -7.7282421 ] ] ] ] } },
{ "type": "Feature", "properties": { "full_id": "w363428453", "osm_id": "363428453", "osm_type": "way", "building": "yes", "phone": null, "height": null, "architect": null, "addr:suburb": null, "addr:street": null, "addr:province": null, "addr:postcode": null, "addr:place": null, "addr:housenumber": null, "addr:country": null, "addr:city": null, "shop": null, "religion": null, "name": null, "amenity": null, "building:walls": null, "building:use": null, "building:structure": null, "building:roof": null, "building:levels": null, "Tinggi": 3.0, "Dusun": "Kulon" }, "geometry": { "type": "MultiPolygon", "coordinates": [ [ [ [ 110.3611725, -7.7300072 ], [ 110.3612515, -7.730038 ], [ 110.3612323, -7.7300862 ], [ 110.3611533, -7.7300554 ], [ 110.3611725, -7.7300072 ] ] ] ] } },
{ "type": "Feature", "properties": { "full_id": "w363428454", "osm_id": "363428454", "osm_type": "way", "building": "yes", "phone": null, "height": null, "architect": null, "addr:suburb": null, "addr:street": null, "addr:province": null, "addr:postcode": null, "addr:place": null, "addr:housenumber": null, "addr:country": null, "addr:city": null, "shop": null, "religion": null, "name": null, "amenity": null, "building:walls": null, "building:use": null, "building:structure": null, "building:roof": null, "building:levels": null, "Tinggi": 3.0, "Dusun": "Kulon" }, "geometry": { "type": "MultiPolygon", "coordinates": [ [ [ [ 110.3626268, -7.7300739 ], [ 110.3626785, -7.7300999 ], [ 110.3626306, -7.7301933 ], [ 110.3625789, -7.7301673 ], [ 110.3626268, -7.7300739 ] ] ] ] } },
{ "type": "Feature", "properties": { "full_id": "w363428456", "osm_id": "363428456", "osm_type": "way", "building": "yes", "phone": null, "height": null, "architect": null, "addr:suburb": null, "addr:street": null, "addr:province": null, "addr:postcode": null, "addr:place": null, "addr:housenumber": null, "addr:country": null, "addr:city": null, "shop": null, "religion": null, "name": null, "amenity": null, "building:walls": null, "building:use": null, "building:structure": null, "building:roof": null, "building:levels": null, "Tinggi": 3.0, "Dusun": "Kulon" }, "geometry": { "type": "MultiPolygon", "coordinates": [ [ [ [ 110.3621502, -7.729906 ], [ 110.3622055, -7.7299259 ], [ 110.3621592, -7.7300525 ], [ 110.3621038, -7.7300326 ], [ 110.3621502, -7.729906 ] ] ] ] } },
{ "type": "Feature", "properties": { "full_id": "w363428457", "osm_id": "363428457", "osm_type": "way", "building": "yes", "phone": null, "height": null, "architect": null, "addr:suburb": null, "addr:street": null, "addr:province": null, "addr:postcode": null, "addr:place": null, "addr:housenumber": null, "addr:country": null, "addr:city": null, "shop": null, "religion": null, "name": null, "amenity": null, "building:walls": null, "building:use": null, "building:structure": null, "building:roof": null, "building:levels": null, "Tinggi": 3.0, "Dusun": "Kulon" }, "geometry": { "type": "MultiPolygon", "coordinates": [ [ [ [ 110.3607283, -7.7296557 ], [ 110.3607782, -7.7296629 ], [ 110.3607638, -7.729761 ], [ 110.360714, -7.7297539 ], [ 110.3607283, -7.7296557 ] ] ] ] } },
{ "type": "Feature", "properties": { "full_id": "w363428458", "osm_id": "363428458", "osm_type": "way", "building": "yes", "phone": null, "height": null, "architect": null, "addr:suburb": null, "addr:street": null, "addr:province": null, "addr:postcode": null, "addr:place": null, "addr:housenumber": null, "addr:country": null, "addr:city": null, "shop": null, "religion": null, "name": null, "amenity": null, "building:walls": null, "building:use": null, "building:structure": null, "building:roof": null, "building:levels": null, "Tinggi": 3.0, "Dusun": "Kulon" }, "geometry": { "type": "MultiPolygon", "coordinates": [ [ [ [ 110.3609105, -7.7291285 ], [ 110.3609355, -7.7290617 ], [ 110.3610346, -7.7290981 ], [ 110.3610095, -7.7291649 ], [ 110.3609105, -7.7291285 ] ] ] ] } },
{ "type": "Feature", "properties": { "full_id": "w363428470", "osm_id": "363428470", "osm_type": "way", "building": "yes", "phone": null, "height": null, "architect": null, "addr:suburb": null, "addr:street": null, "addr:province": null, "addr:postcode": null, "addr:place": null, "addr:housenumber": null, "addr:country": null, "addr:city": null, "shop": null, "religion": null, "name": null, "amenity": null, "building:walls": null, "building:use": null, "building:structure": null, "building:roof": null, "building:levels": null, "Tinggi": 3.0, "Dusun": "Kulon" }, "geometry": { "type": "MultiPolygon", "coordinates": [ [ [ [ 110.3605925, -7.7294602 ], [ 110.3606432, -7.7294671 ], [ 110.3606312, -7.7295534 ], [ 110.3605806, -7.7295465 ], [ 110.3605925, -7.7294602 ] ] ] ] } },
{ "type": "Feature", "properties": { "full_id": "w363428477", "osm_id": "363428477", "osm_type": "way", "building": "yes", "phone": null, "height": null, "architect": null, "addr:suburb": null, "addr:street": null, "addr:province": null, "addr:postcode": null, "addr:place": null, "addr:housenumber": null, "addr:country": null, "addr:city": null, "shop": null, "religion": null, "name": null, "amenity": null, "building:walls": null, "building:use": null, "building:structure": null, "building:roof": null, "building:levels": null, "Tinggi": 3.0, "Dusun": "Kulon" }, "geometry": { "type": "MultiPolygon", "coordinates": [ [ [ [ 110.3606532, -7.729761 ], [ 110.3607009, -7.7297674 ], [ 110.3606857, -7.7298775 ], [ 110.3606381, -7.729871 ], [ 110.3606532, -7.729761 ] ] ] ] } },
{ "type": "Feature", "properties": { "full_id": "w363428486", "osm_id": "363428486", "osm_type": "way", "building": "yes", "phone": null, "height": null, "architect": null, "addr:suburb": null, "addr:street": null, "addr:province": null, "addr:postcode": null, "addr:place": null, "addr:housenumber": null, "addr:country": null, "addr:city": null, "shop": null, "religion": null, "name": null, "amenity": null, "building:walls": null, "building:use": null, "building:structure": null, "building:roof": null, "building:levels": null, "Tinggi": 3.0, "Dusun": "Kulon" }, "geometry": { "type": "MultiPolygon", "coordinates": [ [ [ [ 110.360829, -7.7298093 ], [ 110.3608356, -7.7297592 ], [ 110.3609027, -7.7297679 ], [ 110.3608961, -7.729818 ], [ 110.360829, -7.7298093 ] ] ] ] } },
{ "type": "Feature", "properties": { "full_id": "w363428487", "osm_id": "363428487", "osm_type": "way", "building": "yes", "phone": null, "height": null, "architect": null, "addr:suburb": null, "addr:street": null, "addr:province": null, "addr:postcode": null, "addr:place": null, "addr:housenumber": null, "addr:country": null, "addr:city": null, "shop": null, "religion": null, "name": null, "amenity": null, "building:walls": null, "building:use": null, "building:structure": null, "building:roof": null, "building:levels": null, "Tinggi": 3.0, "Dusun": "Kulon" }, "geometry": { "type": "MultiPolygon", "coordinates": [ [ [ [ 110.3619769, -7.7283798 ], [ 110.3620354, -7.7284 ], [ 110.3620082, -7.7284775 ], [ 110.3619497, -7.7284574 ], [ 110.3619769, -7.7283798 ] ] ] ] } },
{ "type": "Feature", "properties": { "full_id": "w363428489", "osm_id": "363428489", "osm_type": "way", "building": "yes", "phone": null, "height": null, "architect": null, "addr:suburb": null, "addr:street": null, "addr:province": null, "addr:postcode": null, "addr:place": null, "addr:housenumber": null, "addr:country": null, "addr:city": null, "shop": null, "religion": null, "name": null, "amenity": null, "building:walls": null, "building:use": null, "building:structure": null, "building:roof": null, "building:levels": null, "Tinggi": 3.0, "Dusun": "Kulon" }, "geometry": { "type": "MultiPolygon", "coordinates": [ [ [ [ 110.3612636, -7.7300459 ], [ 110.3612756, -7.7300131 ], [ 110.3613459, -7.7300384 ], [ 110.3613338, -7.7300713 ], [ 110.3612636, -7.7300459 ] ] ] ] } },
{ "type": "Feature", "properties": { "full_id": "w363428490", "osm_id": "363428490", "osm_type": "way", "building": "yes", "phone": null, "height": null, "architect": null, "addr:suburb": null, "addr:street": null, "addr:province": null, "addr:postcode": null, "addr:place": null, "addr:housenumber": null, "addr:country": null, "addr:city": null, "shop": null, "religion": null, "name": null, "amenity": null, "building:walls": null, "building:use": null, "building:structure": null, "building:roof": null, "building:levels": null, "Tinggi": 3.0, "Dusun": "Kulon" }, "geometry": { "type": "MultiPolygon", "coordinates": [ [ [ [ 110.3625066, -7.7294877 ], [ 110.3626478, -7.7295196 ], [ 110.3626185, -7.7296472 ], [ 110.3624773, -7.7296153 ], [ 110.3625066, -7.7294877 ] ] ] ] } },
{ "type": "Feature", "properties": { "full_id": "w363428495", "osm_id": "363428495", "osm_type": "way", "building": "yes", "phone": null, "height": null, "architect": null, "addr:suburb": null, "addr:street": null, "addr:province": null, "addr:postcode": null, "addr:place": null, "addr:housenumber": null, "addr:country": null, "addr:city": null, "shop": null, "religion": null, "name": null, "amenity": null, "building:walls": null, "building:use": null, "building:structure": null, "building:roof": null, "building:levels": null, "Tinggi": 3.0, "Dusun": "Kulon" }, "geometry": { "type": "MultiPolygon", "coordinates": [ [ [ [ 110.3608442, -7.7295389 ], [ 110.3609155, -7.729536 ], [ 110.3609179, -7.7295937 ], [ 110.3608466, -7.7295966 ], [ 110.3608442, -7.7295389 ] ] ] ] } },
{ "type": "Feature", "properties": { "full_id": "w363428500", "osm_id": "363428500", "osm_type": "way", "building": "yes", "phone": null, "height": null, "architect": null, "addr:suburb": null, "addr:street": null, "addr:province": null, "addr:postcode": null, "addr:place": null, "addr:housenumber": null, "addr:country": null, "addr:city": null, "shop": null, "religion": null, "name": null, "amenity": null, "building:walls": null, "building:use": null, "building:structure": null, "building:roof": null, "building:levels": null, "Tinggi": 3.0, "Dusun": "Kulon" }, "geometry": { "type": "MultiPolygon", "coordinates": [ [ [ [ 110.3619849, -7.7282825 ], [ 110.361996, -7.7282505 ], [ 110.3620791, -7.728279 ], [ 110.3620679, -7.728311 ], [ 110.3619849, -7.7282825 ] ] ] ] } },
{ "type": "Feature", "properties": { "full_id": "w363428502", "osm_id": "363428502", "osm_type": "way", "building": "yes", "phone": null, "height": null, "architect": null, "addr:suburb": null, "addr:street": null, "addr:province": null, "addr:postcode": null, "addr:place": null, "addr:housenumber": null, "addr:country": null, "addr:city": null, "shop": null, "religion": null, "name": null, "amenity": null, "building:walls": null, "building:use": null, "building:structure": null, "building:roof": null, "building:levels": null, "Tinggi": 3.0, "Dusun": "Kulon" }, "geometry": { "type": "MultiPolygon", "coordinates": [ [ [ [ 110.3608178, -7.7294048 ], [ 110.3608178, -7.7293723 ], [ 110.3608689, -7.7293723 ], [ 110.3608689, -7.7294048 ], [ 110.3608178, -7.7294048 ] ] ] ] } },
{ "type": "Feature", "properties": { "full_id": "w363428503", "osm_id": "363428503", "osm_type": "way", "building": "yes", "phone": null, "height": null, "architect": null, "addr:suburb": null, "addr:street": null, "addr:province": null, "addr:postcode": null, "addr:place": null, "addr:housenumber": null, "addr:country": null, "addr:city": null, "shop": null, "religion": null, "name": null, "amenity": null, "building:walls": null, "building:use": null, "building:structure": null, "building:roof": null, "building:levels": null, "Tinggi": 3.0, "Dusun": "Kulon" }, "geometry": { "type": "MultiPolygon", "coordinates": [ [ [ [ 110.3625166, -7.7300184 ], [ 110.3625909, -7.7300461 ], [ 110.3625478, -7.7301601 ], [ 110.3624735, -7.7301324 ], [ 110.3625166, -7.7300184 ] ] ] ] } },
{ "type": "Feature", "properties": { "full_id": "w363428505", "osm_id": "363428505", "osm_type": "way", "building": "yes", "phone": null, "height": null, "architect": null, "addr:suburb": null, "addr:street": null, "addr:province": null, "addr:postcode": null, "addr:place": null, "addr:housenumber": null, "addr:country": null, "addr:city": null, "shop": null, "religion": null, "name": null, "amenity": null, "building:walls": null, "building:use": null, "building:structure": null, "building:roof": null, "building:levels": null, "Tinggi": 3.0, "Dusun": "Kulon" }, "geometry": { "type": "MultiPolygon", "coordinates": [ [ [ [ 110.3622073, -7.7299806 ], [ 110.3622254, -7.7299424 ], [ 110.3623021, -7.729978 ], [ 110.362284, -7.7300162 ], [ 110.3622073, -7.7299806 ] ] ] ] } },
{ "type": "Feature", "properties": { "full_id": "w363428509", "osm_id": "363428509", "osm_type": "way", "building": "yes", "phone": null, "height": null, "architect": null, "addr:suburb": null, "addr:street": null, "addr:province": null, "addr:postcode": null, "addr:place": null, "addr:housenumber": null, "addr:country": null, "addr:city": null, "shop": null, "religion": null, "name": null, "amenity": null, "building:walls": null, "building:use": null, "building:structure": null, "building:roof": null, "building:levels": null, "Tinggi": 3.0, "Dusun": "Kulon" }, "geometry": { "type": "MultiPolygon", "coordinates": [ [ [ [ 110.3607571, -7.7295393 ], [ 110.3608218, -7.7295366 ], [ 110.3608249, -7.7296118 ], [ 110.3607603, -7.7296145 ], [ 110.3607571, -7.7295393 ] ] ] ] } },
{ "type": "Feature", "properties": { "full_id": "w363428518", "osm_id": "363428518", "osm_type": "way", "building": "yes", "phone": null, "height": null, "architect": null, "addr:suburb": null, "addr:street": null, "addr:province": null, "addr:postcode": null, "addr:place": null, "addr:housenumber": null, "addr:country": null, "addr:city": null, "shop": null, "religion": null, "name": null, "amenity": null, "building:walls": null, "building:use": null, "building:structure": null, "building:roof": null, "building:levels": null, "Tinggi": 3.0, "Dusun": "Kulon" }, "geometry": { "type": "MultiPolygon", "coordinates": [ [ [ [ 110.3630352, -7.72541 ], [ 110.3630483, -7.7253569 ], [ 110.36315, -7.7253815 ], [ 110.3631369, -7.7254346 ], [ 110.3630352, -7.72541 ] ] ] ] } },
{ "type": "Feature", "properties": { "full_id": "w363428519", "osm_id": "363428519", "osm_type": "way", "building": "yes", "phone": null, "height": null, "architect": null, "addr:suburb": null, "addr:street": null, "addr:province": null, "addr:postcode": null, "addr:place": null, "addr:housenumber": null, "addr:country": null, "addr:city": null, "shop": null, "religion": null, "name": null, "amenity": null, "building:walls": null, "building:use": null, "building:structure": null, "building:roof": null, "building:levels": null, "Tinggi": 3.0, "Dusun": "Kulon" }, "geometry": { "type": "MultiPolygon", "coordinates": [ [ [ [ 110.3612634, -7.7287309 ], [ 110.3613226, -7.7287436 ], [ 110.3612986, -7.7288536 ], [ 110.3612395, -7.7288409 ], [ 110.3612634, -7.7287309 ] ] ] ] } },
{ "type": "Feature", "properties": { "full_id": "w363428520", "osm_id": "363428520", "osm_type": "way", "building": "yes", "phone": null, "height": null, "architect": null, "addr:suburb": null, "addr:street": null, "addr:province": null, "addr:postcode": null, "addr:place": null, "addr:housenumber": null, "addr:country": null, "addr:city": null, "shop": null, "religion": null, "name": null, "amenity": null, "building:walls": null, "building:use": null, "building:structure": null, "building:roof": null, "building:levels": null, "Tinggi": 3.0, "Dusun": "Kulon" }, "geometry": { "type": "MultiPolygon", "coordinates": [ [ [ [ 110.3606588, -7.7295465 ], [ 110.3606686, -7.7294458 ], [ 110.3607517, -7.7294537 ], [ 110.3607419, -7.7295544 ], [ 110.3606588, -7.7295465 ] ] ] ] } },
{ "type": "Feature", "properties": { "full_id": "w363428524", "osm_id": "363428524", "osm_type": "way", "building": "yes", "phone": null, "height": null, "architect": null, "addr:suburb": null, "addr:street": null, "addr:province": null, "addr:postcode": null, "addr:place": null, "addr:housenumber": null, "addr:country": null, "addr:city": null, "shop": null, "religion": null, "name": null, "amenity": null, "building:walls": null, "building:use": null, "building:structure": null, "building:roof": null, "building:levels": null, "Tinggi": 3.0, "Dusun": "Kulon" }, "geometry": { "type": "MultiPolygon", "coordinates": [ [ [ [ 110.3608951, -7.7289715 ], [ 110.3609198, -7.7289085 ], [ 110.3609957, -7.7289378 ], [ 110.3609709, -7.7290008 ], [ 110.3608951, -7.7289715 ] ] ] ] } },
{ "type": "Feature", "properties": { "full_id": "w363428526", "osm_id": "363428526", "osm_type": "way", "building": "yes", "phone": null, "height": null, "architect": null, "addr:suburb": null, "addr:street": null, "addr:province": null, "addr:postcode": null, "addr:place": null, "addr:housenumber": null, "addr:country": null, "addr:city": null, "shop": null, "religion": null, "name": null, "amenity": null, "building:walls": null, "building:use": null, "building:structure": null, "building:roof": null, "building:levels": null, "Tinggi": 3.0, "Dusun": "Kulon" }, "geometry": { "type": "MultiPolygon", "coordinates": [ [ [ [ 110.3623472, -7.7280224 ], [ 110.3623829, -7.7279225 ], [ 110.3624913, -7.7279605 ], [ 110.3624556, -7.7280605 ], [ 110.3623472, -7.7280224 ] ] ] ] } },
{ "type": "Feature", "properties": { "full_id": "w363428529", "osm_id": "363428529", "osm_type": "way", "building": "yes", "phone": null, "height": null, "architect": null, "addr:suburb": null, "addr:street": null, "addr:province": null, "addr:postcode": null, "addr:place": null, "addr:housenumber": null, "addr:country": null, "addr:city": null, "shop": null, "religion": null, "name": null, "amenity": null, "building:walls": null, "building:use": null, "building:structure": null, "building:roof": null, "building:levels": null, "Tinggi": 3.0, "Dusun": "Kulon" }, "geometry": { "type": "MultiPolygon", "coordinates": [ [ [ [ 110.3620623, -7.7281115 ], [ 110.3621245, -7.7281293 ], [ 110.3620966, -7.7282251 ], [ 110.3620344, -7.7282073 ], [ 110.3620623, -7.7281115 ] ] ] ] } },
{ "type": "Feature", "properties": { "full_id": "w363428530", "osm_id": "363428530", "osm_type": "way", "building": "yes", "phone": null, "height": null, "architect": null, "addr:suburb": null, "addr:street": null, "addr:province": null, "addr:postcode": null, "addr:place": null, "addr:housenumber": null, "addr:country": null, "addr:city": null, "shop": null, "religion": null, "name": null, "amenity": null, "building:walls": null, "building:use": null, "building:structure": null, "building:roof": null, "building:levels": null, "Tinggi": 3.0, "Dusun": "Kulon" }, "geometry": { "type": "MultiPolygon", "coordinates": [ [ [ [ 110.3625318, -7.7302646 ], [ 110.3625759, -7.7302904 ], [ 110.3625367, -7.7303561 ], [ 110.3624926, -7.7303303 ], [ 110.3625318, -7.7302646 ] ] ] ] } },
{ "type": "Feature", "properties": { "full_id": "w363428534", "osm_id": "363428534", "osm_type": "way", "building": "yes", "phone": null, "height": null, "architect": null, "addr:suburb": null, "addr:street": null, "addr:province": null, "addr:postcode": null, "addr:place": null, "addr:housenumber": null, "addr:country": null, "addr:city": null, "shop": null, "religion": null, "name": null, "amenity": null, "building:walls": null, "building:use": null, "building:structure": null, "building:roof": null, "building:levels": null, "Tinggi": 3.0, "Dusun": "Kulon" }, "geometry": { "type": "MultiPolygon", "coordinates": [ [ [ [ 110.3609834, -7.7285289 ], [ 110.3609968, -7.7284597 ], [ 110.3611542, -7.7284898 ], [ 110.3611407, -7.728559 ], [ 110.3609834, -7.7285289 ] ] ] ] } },
{ "type": "Feature", "properties": { "full_id": "w363428535", "osm_id": "363428535", "osm_type": "way", "building": "yes", "phone": null, "height": null, "architect": null, "addr:suburb": null, "addr:street": null, "addr:province": null, "addr:postcode": null, "addr:place": null, "addr:housenumber": null, "addr:country": null, "addr:city": null, "shop": null, "religion": null, "name": null, "amenity": null, "building:walls": null, "building:use": null, "building:structure": null, "building:roof": null, "building:levels": null, "Tinggi": 3.0, "Dusun": "Kulon" }, "geometry": { "type": "MultiPolygon", "coordinates": [ [ [ [ 110.3615057, -7.7283413 ], [ 110.3615744, -7.7283588 ], [ 110.3615456, -7.7284697 ], [ 110.3614769, -7.7284522 ], [ 110.3615057, -7.7283413 ] ] ] ] } },
{ "type": "Feature", "properties": { "full_id": "w363428537", "osm_id": "363428537", "osm_type": "way", "building": "yes", "phone": null, "height": null, "architect": null, "addr:suburb": null, "addr:street": null, "addr:province": null, "addr:postcode": null, "addr:place": null, "addr:housenumber": null, "addr:country": null, "addr:city": null, "shop": null, "religion": null, "name": null, "amenity": null, "building:walls": null, "building:use": null, "building:structure": null, "building:roof": null, "building:levels": null, "Tinggi": 3.0, "Dusun": "Kulon" }, "geometry": { "type": "MultiPolygon", "coordinates": [ [ [ [ 110.361691, -7.7290456 ], [ 110.361753, -7.7290546 ], [ 110.3617214, -7.7292685 ], [ 110.3616594, -7.7292595 ], [ 110.361691, -7.7290456 ] ] ] ] } },
{ "type": "Feature", "properties": { "full_id": "w363428538", "osm_id": "363428538", "osm_type": "way", "building": "yes", "phone": null, "height": null, "architect": null, "addr:suburb": null, "addr:street": null, "addr:province": null, "addr:postcode": null, "addr:place": null, "addr:housenumber": null, "addr:country": null, "addr:city": null, "shop": null, "religion": null, "name": null, "amenity": null, "building:walls": null, "building:use": null, "building:structure": null, "building:roof": null, "building:levels": null, "Tinggi": 3.0, "Dusun": "Kulon" }, "geometry": { "type": "MultiPolygon", "coordinates": [ [ [ [ 110.361897, -7.7297329 ], [ 110.3619347, -7.7296531 ], [ 110.3620217, -7.7296935 ], [ 110.361984, -7.7297733 ], [ 110.361897, -7.7297329 ] ] ] ] } },
{ "type": "Feature", "properties": { "full_id": "w363428539", "osm_id": "363428539", "osm_type": "way", "building": "yes", "phone": null, "height": null, "architect": null, "addr:suburb": null, "addr:street": null, "addr:province": null, "addr:postcode": null, "addr:place": null, "addr:housenumber": null, "addr:country": null, "addr:city": null, "shop": null, "religion": null, "name": null, "amenity": null, "building:walls": null, "building:use": null, "building:structure": null, "building:roof": null, "building:levels": null, "Tinggi": 3.0, "Dusun": "Kulon" }, "geometry": { "type": "MultiPolygon", "coordinates": [ [ [ [ 110.3612211, -7.7278996 ], [ 110.3613779, -7.7279281 ], [ 110.3613531, -7.7280619 ], [ 110.3611964, -7.7280334 ], [ 110.3612211, -7.7278996 ] ] ] ] } },
{ "type": "Feature", "properties": { "full_id": "w363428541", "osm_id": "363428541", "osm_type": "way", "building": "yes", "phone": null, "height": null, "architect": null, "addr:suburb": null, "addr:street": null, "addr:province": null, "addr:postcode": null, "addr:place": null, "addr:housenumber": null, "addr:country": null, "addr:city": null, "shop": null, "religion": null, "name": null, "amenity": null, "building:walls": null, "building:use": null, "building:structure": null, "building:roof": null, "building:levels": null, "Tinggi": 3.0, "Dusun": "Kulon" }, "geometry": { "type": "MultiPolygon", "coordinates": [ [ [ [ 110.3611676, -7.7296035 ], [ 110.3611716, -7.7295492 ], [ 110.361281, -7.7295572 ], [ 110.361277, -7.7296114 ], [ 110.3611676, -7.7296035 ] ] ] ] } },
{ "type": "Feature", "properties": { "full_id": "w363428542", "osm_id": "363428542", "osm_type": "way", "building": "yes", "phone": null, "height": null, "architect": null, "addr:suburb": null, "addr:street": null, "addr:province": null, "addr:postcode": null, "addr:place": null, "addr:housenumber": null, "addr:country": null, "addr:city": null, "shop": null, "religion": null, "name": null, "amenity": null, "building:walls": null, "building:use": null, "building:structure": null, "building:roof": null, "building:levels": null, "Tinggi": 3.0, "Dusun": "Kulon" }, "geometry": { "type": "MultiPolygon", "coordinates": [ [ [ [ 110.3606916, -7.7305994 ], [ 110.3607541, -7.7306221 ], [ 110.360723, -7.730706 ], [ 110.3606605, -7.7306833 ], [ 110.3606916, -7.7305994 ] ] ] ] } },
{ "type": "Feature", "properties": { "full_id": "w363428543", "osm_id": "363428543", "osm_type": "way", "building": "yes", "phone": null, "height": null, "architect": null, "addr:suburb": null, "addr:street": null, "addr:province": null, "addr:postcode": null, "addr:place": null, "addr:housenumber": null, "addr:country": null, "addr:city": null, "shop": null, "religion": null, "name": null, "amenity": null, "building:walls": null, "building:use": null, "building:structure": null, "building:roof": null, "building:levels": null, "Tinggi": 3.0, "Dusun": "Kulon" }, "geometry": { "type": "MultiPolygon", "coordinates": [ [ [ [ 110.3614191, -7.7288694 ], [ 110.3614358, -7.7288106 ], [ 110.3615748, -7.7288493 ], [ 110.3615581, -7.7289082 ], [ 110.3614191, -7.7288694 ] ] ] ] } },
{ "type": "Feature", "properties": { "full_id": "w363428547", "osm_id": "363428547", "osm_type": "way", "building": "yes", "phone": null, "height": null, "architect": null, "addr:suburb": null, "addr:street": null, "addr:province": null, "addr:postcode": null, "addr:place": null, "addr:housenumber": null, "addr:country": null, "addr:city": null, "shop": null, "religion": null, "name": null, "amenity": null, "building:walls": null, "building:use": null, "building:structure": null, "building:roof": null, "building:levels": null, "Tinggi": 3.0, "Dusun": "Kulon" }, "geometry": { "type": "MultiPolygon", "coordinates": [ [ [ [ 110.3606021, -7.7293383 ], [ 110.3606217, -7.72929 ], [ 110.3608166, -7.7293676 ], [ 110.360797, -7.7294159 ], [ 110.3606021, -7.7293383 ] ] ] ] } },
{ "type": "Feature", "properties": { "full_id": "w363428557", "osm_id": "363428557", "osm_type": "way", "building": "yes", "phone": null, "height": null, "architect": null, "addr:suburb": null, "addr:street": null, "addr:province": null, "addr:postcode": null, "addr:place": null, "addr:housenumber": null, "addr:country": null, "addr:city": null, "shop": null, "religion": null, "name": null, "amenity": null, "building:walls": null, "building:use": null, "building:structure": null, "building:roof": null, "building:levels": null, "Tinggi": 3.0, "Dusun": "Kulon" }, "geometry": { "type": "MultiPolygon", "coordinates": [ [ [ [ 110.3623901, -7.7278858 ], [ 110.3624187, -7.7278074 ], [ 110.3625656, -7.72786 ], [ 110.3625369, -7.7279384 ], [ 110.3623901, -7.7278858 ] ] ] ] } },
{ "type": "Feature", "properties": { "full_id": "w363428561", "osm_id": "363428561", "osm_type": "way", "building": "yes", "phone": null, "height": null, "architect": null, "addr:suburb": null, "addr:street": null, "addr:province": null, "addr:postcode": null, "addr:place": null, "addr:housenumber": null, "addr:country": null, "addr:city": null, "shop": null, "religion": null, "name": null, "amenity": null, "building:walls": null, "building:use": null, "building:structure": null, "building:roof": null, "building:levels": null, "Tinggi": 3.0, "Dusun": "Kulon" }, "geometry": { "type": "MultiPolygon", "coordinates": [ [ [ [ 110.3617818, -7.7295662 ], [ 110.3618112, -7.7295144 ], [ 110.3619222, -7.7295762 ], [ 110.3618929, -7.7296279 ], [ 110.3617818, -7.7295662 ] ] ] ] } },
{ "type": "Feature", "properties": { "full_id": "w363428567", "osm_id": "363428567", "osm_type": "way", "building": "yes", "phone": null, "height": null, "architect": null, "addr:suburb": null, "addr:street": null, "addr:province": null, "addr:postcode": null, "addr:place": null, "addr:housenumber": null, "addr:country": null, "addr:city": null, "shop": null, "religion": null, "name": null, "amenity": null, "building:walls": null, "building:use": null, "building:structure": null, "building:roof": null, "building:levels": null, "Tinggi": 3.0, "Dusun": "Kulon" }, "geometry": { "type": "MultiPolygon", "coordinates": [ [ [ [ 110.3612451, -7.7284527 ], [ 110.3613389, -7.7284759 ], [ 110.3613134, -7.7285772 ], [ 110.3612196, -7.728554 ], [ 110.3612451, -7.7284527 ] ] ] ] } },
{ "type": "Feature", "properties": { "full_id": "w363428570", "osm_id": "363428570", "osm_type": "way", "building": "yes", "phone": null, "height": null, "architect": null, "addr:suburb": null, "addr:street": null, "addr:province": null, "addr:postcode": null, "addr:place": null, "addr:housenumber": null, "addr:country": null, "addr:city": null, "shop": null, "religion": null, "name": null, "amenity": null, "building:walls": null, "building:use": null, "building:structure": null, "building:roof": null, "building:levels": null, "Tinggi": 3.0, "Dusun": "Kulon" }, "geometry": { "type": "MultiPolygon", "coordinates": [ [ [ [ 110.3617756, -7.7281891 ], [ 110.3618528, -7.7282067 ], [ 110.3618384, -7.7282685 ], [ 110.3617612, -7.7282508 ], [ 110.3617756, -7.7281891 ] ] ] ] } },
{ "type": "Feature", "properties": { "full_id": "w363428571", "osm_id": "363428571", "osm_type": "way", "building": "yes", "phone": null, "height": null, "architect": null, "addr:suburb": null, "addr:street": null, "addr:province": null, "addr:postcode": null, "addr:place": null, "addr:housenumber": null, "addr:country": null, "addr:city": null, "shop": null, "religion": null, "name": null, "amenity": null, "building:walls": null, "building:use": null, "building:structure": null, "building:roof": null, "building:levels": null, "Tinggi": 3.0, "Dusun": "Kulon" }, "geometry": { "type": "MultiPolygon", "coordinates": [ [ [ [ 110.361193, -7.7287182 ], [ 110.3612446, -7.728734 ], [ 110.361227, -7.7287902 ], [ 110.3611754, -7.7287744 ], [ 110.361193, -7.7287182 ] ] ] ] } },
{ "type": "Feature", "properties": { "full_id": "w363428572", "osm_id": "363428572", "osm_type": "way", "building": "yes", "phone": null, "height": null, "architect": null, "addr:suburb": null, "addr:street": null, "addr:province": null, "addr:postcode": null, "addr:place": null, "addr:housenumber": null, "addr:country": null, "addr:city": null, "shop": null, "religion": null, "name": null, "amenity": null, "building:walls": null, "building:use": null, "building:structure": null, "building:roof": null, "building:levels": null, "Tinggi": 3.0, "Dusun": "Kulon" }, "geometry": { "type": "MultiPolygon", "coordinates": [ [ [ [ 110.3609385, -7.7301261 ], [ 110.3609694, -7.7300402 ], [ 110.3610389, -7.7300647 ], [ 110.361008, -7.7301506 ], [ 110.3609385, -7.7301261 ] ] ] ] } },
{ "type": "Feature", "properties": { "full_id": "w363428573", "osm_id": "363428573", "osm_type": "way", "building": "yes", "phone": null, "height": null, "architect": null, "addr:suburb": null, "addr:street": null, "addr:province": null, "addr:postcode": null, "addr:place": null, "addr:housenumber": null, "addr:country": null, "addr:city": null, "shop": null, "religion": null, "name": null, "amenity": null, "building:walls": null, "building:use": null, "building:structure": null, "building:roof": null, "building:levels": null, "Tinggi": 3.0, "Dusun": "Kulon" }, "geometry": { "type": "MultiPolygon", "coordinates": [ [ [ [ 110.3621284, -7.7302086 ], [ 110.3621544, -7.7301339 ], [ 110.3622542, -7.7301679 ], [ 110.3622283, -7.7302426 ], [ 110.3621284, -7.7302086 ] ] ] ] } },
{ "type": "Feature", "properties": { "full_id": "w363428574", "osm_id": "363428574", "osm_type": "way", "building": "yes", "phone": null, "height": null, "architect": null, "addr:suburb": null, "addr:street": null, "addr:province": null, "addr:postcode": null, "addr:place": null, "addr:housenumber": null, "addr:country": null, "addr:city": null, "shop": null, "religion": null, "name": null, "amenity": null, "building:walls": null, "building:use": null, "building:structure": null, "building:roof": null, "building:levels": null, "Tinggi": 3.0, "Dusun": "Kulon" }, "geometry": { "type": "MultiPolygon", "coordinates": [ [ [ [ 110.3608543, -7.7288179 ], [ 110.3609286, -7.7288515 ], [ 110.3608831, -7.7289505 ], [ 110.3608088, -7.7289169 ], [ 110.3608543, -7.7288179 ] ] ] ] } },
{ "type": "Feature", "properties": { "full_id": "w363428575", "osm_id": "363428575", "osm_type": "way", "building": "yes", "phone": null, "height": null, "architect": null, "addr:suburb": null, "addr:street": null, "addr:province": null, "addr:postcode": null, "addr:place": null, "addr:housenumber": null, "addr:country": null, "addr:city": null, "shop": null, "religion": null, "name": null, "amenity": null, "building:walls": null, "building:use": null, "building:structure": null, "building:roof": null, "building:levels": null, "Tinggi": 3.0, "Dusun": "Kulon" }, "geometry": { "type": "MultiPolygon", "coordinates": [ [ [ [ 110.360734, -7.7304672 ], [ 110.3607559, -7.7304164 ], [ 110.3608286, -7.7304473 ], [ 110.3608067, -7.730498 ], [ 110.360734, -7.7304672 ] ] ] ] } },
{ "type": "Feature", "properties": { "full_id": "w363428576", "osm_id": "363428576", "osm_type": "way", "building": "yes", "phone": null, "height": null, "architect": null, "addr:suburb": null, "addr:street": null, "addr:province": null, "addr:postcode": null, "addr:place": null, "addr:housenumber": null, "addr:country": null, "addr:city": null, "shop": null, "religion": null, "name": null, "amenity": null, "building:walls": null, "building:use": null, "building:structure": null, "building:roof": null, "building:levels": null, "Tinggi": 3.0, "Dusun": "Kulon" }, "geometry": { "type": "MultiPolygon", "coordinates": [ [ [ [ 110.3606596, -7.7292156 ], [ 110.3606825, -7.7291612 ], [ 110.360784, -7.7292032 ], [ 110.3607611, -7.7292575 ], [ 110.3606596, -7.7292156 ] ] ] ] } },
{ "type": "Feature", "properties": { "full_id": "w363428582", "osm_id": "363428582", "osm_type": "way", "building": "yes", "phone": null, "height": null, "architect": null, "addr:suburb": null, "addr:street": null, "addr:province": null, "addr:postcode": null, "addr:place": null, "addr:housenumber": null, "addr:country": null, "addr:city": null, "shop": null, "religion": null, "name": null, "amenity": null, "building:walls": null, "building:use": null, "building:structure": null, "building:roof": null, "building:levels": null, "Tinggi": 3.0, "Dusun": "Kulon" }, "geometry": { "type": "MultiPolygon", "coordinates": [ [ [ [ 110.3613591, -7.7285165 ], [ 110.3614498, -7.7285405 ], [ 110.3614283, -7.72862 ], [ 110.3613376, -7.7285959 ], [ 110.3613591, -7.7285165 ] ] ] ] } },
{ "type": "Feature", "properties": { "full_id": "w363428583", "osm_id": "363428583", "osm_type": "way", "building": "yes", "phone": null, "height": null, "architect": null, "addr:suburb": null, "addr:street": null, "addr:province": null, "addr:postcode": null, "addr:place": null, "addr:housenumber": null, "addr:country": null, "addr:city": null, "shop": null, "religion": null, "name": null, "amenity": null, "building:walls": null, "building:use": null, "building:structure": null, "building:roof": null, "building:levels": null, "Tinggi": 3.0, "Dusun": "Kulon" }, "geometry": { "type": "MultiPolygon", "coordinates": [ [ [ [ 110.3615227, -7.7281929 ], [ 110.3616381, -7.7282181 ], [ 110.3616157, -7.7283186 ], [ 110.3615003, -7.7282934 ], [ 110.3615227, -7.7281929 ] ] ] ] } },
{ "type": "Feature", "properties": { "full_id": "w363428586", "osm_id": "363428586", "osm_type": "way", "building": "yes", "phone": null, "height": null, "architect": null, "addr:suburb": null, "addr:street": null, "addr:province": null, "addr:postcode": null, "addr:place": null, "addr:housenumber": null, "addr:country": null, "addr:city": null, "shop": null, "religion": null, "name": null, "amenity": null, "building:walls": null, "building:use": null, "building:structure": null, "building:roof": null, "building:levels": null, "Tinggi": 3.0, "Dusun": "Kulon" }, "geometry": { "type": "MultiPolygon", "coordinates": [ [ [ [ 110.361535, -7.7291262 ], [ 110.3615489, -7.7290351 ], [ 110.3616754, -7.7290542 ], [ 110.3616615, -7.7291452 ], [ 110.361535, -7.7291262 ] ] ] ] } },
{ "type": "Feature", "properties": { "full_id": "w363428587", "osm_id": "363428587", "osm_type": "way", "building": "yes", "phone": null, "height": null, "architect": null, "addr:suburb": null, "addr:street": null, "addr:province": null, "addr:postcode": null, "addr:place": null, "addr:housenumber": null, "addr:country": null, "addr:city": null, "shop": null, "religion": null, "name": null, "amenity": null, "building:walls": null, "building:use": null, "building:structure": null, "building:roof": null, "building:levels": null, "Tinggi": 3.0, "Dusun": "Kulon" }, "geometry": { "type": "MultiPolygon", "coordinates": [ [ [ [ 110.3615769, -7.7294914 ], [ 110.3616207, -7.7294972 ], [ 110.3616119, -7.7295621 ], [ 110.3615681, -7.7295563 ], [ 110.3615769, -7.7294914 ] ] ] ] } },
{ "type": "Feature", "properties": { "full_id": "w363428588", "osm_id": "363428588", "osm_type": "way", "building": "yes", "phone": null, "height": null, "architect": null, "addr:suburb": null, "addr:street": null, "addr:province": null, "addr:postcode": null, "addr:place": null, "addr:housenumber": null, "addr:country": null, "addr:city": null, "shop": null, "religion": null, "name": null, "amenity": null, "building:walls": null, "building:use": null, "building:structure": null, "building:roof": null, "building:levels": null, "Tinggi": 3.0, "Dusun": "Kulon" }, "geometry": { "type": "MultiPolygon", "coordinates": [ [ [ [ 110.3618631, -7.729837 ], [ 110.3619098, -7.7298531 ], [ 110.3618778, -7.7299442 ], [ 110.3618311, -7.7299281 ], [ 110.3618631, -7.729837 ] ] ] ] } },
{ "type": "Feature", "properties": { "full_id": "w363428589", "osm_id": "363428589", "osm_type": "way", "building": "yes", "phone": null, "height": null, "architect": null, "addr:suburb": null, "addr:street": null, "addr:province": null, "addr:postcode": null, "addr:place": null, "addr:housenumber": null, "addr:country": null, "addr:city": null, "shop": null, "religion": null, "name": null, "amenity": null, "building:walls": null, "building:use": null, "building:structure": null, "building:roof": null, "building:levels": null, "Tinggi": 3.0, "Dusun": "Kulon" }, "geometry": { "type": "MultiPolygon", "coordinates": [ [ [ [ 110.3610042, -7.7304517 ], [ 110.3610291, -7.73039 ], [ 110.3611127, -7.730423 ], [ 110.3610878, -7.7304848 ], [ 110.3610042, -7.7304517 ] ] ] ] } },
{ "type": "Feature", "properties": { "full_id": "w363428590", "osm_id": "363428590", "osm_type": "way", "building": "yes", "phone": null, "height": null, "architect": null, "addr:suburb": null, "addr:street": null, "addr:province": null, "addr:postcode": null, "addr:place": null, "addr:housenumber": null, "addr:country": null, "addr:city": null, "shop": null, "religion": null, "name": null, "amenity": null, "building:walls": null, "building:use": null, "building:structure": null, "building:roof": null, "building:levels": null, "Tinggi": 3.0, "Dusun": "Kulon" }, "geometry": { "type": "MultiPolygon", "coordinates": [ [ [ [ 110.3629143, -7.7256082 ], [ 110.3630169, -7.7256031 ], [ 110.3630259, -7.7257822 ], [ 110.3629233, -7.7257873 ], [ 110.3629143, -7.7256082 ] ] ] ] } },
{ "type": "Feature", "properties": { "full_id": "w363428593", "osm_id": "363428593", "osm_type": "way", "building": "yes", "phone": null, "height": null, "architect": null, "addr:suburb": null, "addr:street": null, "addr:province": null, "addr:postcode": null, "addr:place": null, "addr:housenumber": null, "addr:country": null, "addr:city": null, "shop": null, "religion": null, "name": null, "amenity": null, "building:walls": null, "building:use": null, "building:structure": null, "building:roof": null, "building:levels": null, "Tinggi": 3.0, "Dusun": "Kulon" }, "geometry": { "type": "MultiPolygon", "coordinates": [ [ [ [ 110.3619432, -7.7293173 ], [ 110.361968, -7.72927 ], [ 110.3620559, -7.7293151 ], [ 110.3620311, -7.7293624 ], [ 110.3619432, -7.7293173 ] ] ] ] } },
{ "type": "Feature", "properties": { "full_id": "w363428594", "osm_id": "363428594", "osm_type": "way", "building": "yes", "phone": null, "height": null, "architect": null, "addr:suburb": null, "addr:street": null, "addr:province": null, "addr:postcode": null, "addr:place": null, "addr:housenumber": null, "addr:country": null, "addr:city": null, "shop": null, "religion": null, "name": null, "amenity": null, "building:walls": null, "building:use": null, "building:structure": null, "building:roof": null, "building:levels": null, "Tinggi": 3.0, "Dusun": "Kulon" }, "geometry": { "type": "MultiPolygon", "coordinates": [ [ [ [ 110.3607143, -7.7308098 ], [ 110.3607656, -7.730828 ], [ 110.3607, -7.7310094 ], [ 110.3606488, -7.7309912 ], [ 110.3607143, -7.7308098 ] ] ] ] } },
{ "type": "Feature", "properties": { "full_id": "w363428595", "osm_id": "363428595", "osm_type": "way", "building": "yes", "phone": null, "height": null, "architect": null, "addr:suburb": null, "addr:street": null, "addr:province": null, "addr:postcode": null, "addr:place": null, "addr:housenumber": null, "addr:country": null, "addr:city": null, "shop": null, "religion": null, "name": null, "amenity": null, "building:walls": null, "building:use": null, "building:structure": null, "building:roof": null, "building:levels": null, "Tinggi": 3.0, "Dusun": "Kulon" }, "geometry": { "type": "MultiPolygon", "coordinates": [ [ [ [ 110.3613344, -7.7287918 ], [ 110.3614021, -7.7288099 ], [ 110.3613853, -7.7288716 ], [ 110.3613176, -7.7288536 ], [ 110.3613344, -7.7287918 ] ] ] ] } },
{ "type": "Feature", "properties": { "full_id": "w363428598", "osm_id": "363428598", "osm_type": "way", "building": "yes", "phone": null, "height": null, "architect": null, "addr:suburb": null, "addr:street": null, "addr:province": null, "addr:postcode": null, "addr:place": null, "addr:housenumber": null, "addr:country": null, "addr:city": null, "shop": null, "religion": null, "name": null, "amenity": null, "building:walls": null, "building:use": null, "building:structure": null, "building:roof": null, "building:levels": null, "Tinggi": 3.0, "Dusun": "Kulon" }, "geometry": { "type": "MultiPolygon", "coordinates": [ [ [ [ 110.3608738, -7.7308363 ], [ 110.360916, -7.7308547 ], [ 110.3608991, -7.7308928 ], [ 110.3608568, -7.7308743 ], [ 110.3608738, -7.7308363 ] ] ] ] } },
{ "type": "Feature", "properties": { "full_id": "w363428609", "osm_id": "363428609", "osm_type": "way", "building": "yes", "phone": null, "height": null, "architect": null, "addr:suburb": null, "addr:street": null, "addr:province": null, "addr:postcode": null, "addr:place": null, "addr:housenumber": null, "addr:country": null, "addr:city": null, "shop": null, "religion": null, "name": null, "amenity": null, "building:walls": null, "building:use": null, "building:structure": null, "building:roof": null, "building:levels": null, "Tinggi": 3.0, "Dusun": "Kulon" }, "geometry": { "type": "MultiPolygon", "coordinates": [ [ [ [ 110.3607723, -7.7289742 ], [ 110.3608562, -7.7290132 ], [ 110.3608139, -7.7291026 ], [ 110.3607299, -7.7290636 ], [ 110.3607723, -7.7289742 ] ] ] ] } },
{ "type": "Feature", "properties": { "full_id": "w363428610", "osm_id": "363428610", "osm_type": "way", "building": "yes", "phone": null, "height": null, "architect": null, "addr:suburb": null, "addr:street": null, "addr:province": null, "addr:postcode": null, "addr:place": null, "addr:housenumber": null, "addr:country": null, "addr:city": null, "shop": null, "religion": null, "name": null, "amenity": null, "building:walls": null, "building:use": null, "building:structure": null, "building:roof": null, "building:levels": null, "Tinggi": 3.0, "Dusun": "Kulon" }, "geometry": { "type": "MultiPolygon", "coordinates": [ [ [ [ 110.3620617, -7.7295002 ], [ 110.362078, -7.7294653 ], [ 110.3621731, -7.7295088 ], [ 110.3621568, -7.7295437 ], [ 110.3620617, -7.7295002 ] ] ] ] } },
{ "type": "Feature", "properties": { "full_id": "w363428614", "osm_id": "363428614", "osm_type": "way", "building": "yes", "phone": null, "height": null, "architect": null, "addr:suburb": null, "addr:street": null, "addr:province": null, "addr:postcode": null, "addr:place": null, "addr:housenumber": null, "addr:country": null, "addr:city": null, "shop": null, "religion": null, "name": null, "amenity": null, "building:walls": null, "building:use": null, "building:structure": null, "building:roof": null, "building:levels": null, "Tinggi": 3.0, "Dusun": "Kulon" }, "geometry": { "type": "MultiPolygon", "coordinates": [ [ [ [ 110.36102, -7.7284346 ], [ 110.3610411, -7.7283419 ], [ 110.3611793, -7.7283727 ], [ 110.3611582, -7.7284655 ], [ 110.36102, -7.7284346 ] ] ] ] } },
{ "type": "Feature", "properties": { "full_id": "w363428616", "osm_id": "363428616", "osm_type": "way", "building": "yes", "phone": null, "height": null, "architect": null, "addr:suburb": null, "addr:street": null, "addr:province": null, "addr:postcode": null, "addr:place": null, "addr:housenumber": null, "addr:country": null, "addr:city": null, "shop": null, "religion": null, "name": null, "amenity": null, "building:walls": null, "building:use": null, "building:structure": null, "building:roof": null, "building:levels": null, "Tinggi": 3.0, "Dusun": "Kulon" }, "geometry": { "type": "MultiPolygon", "coordinates": [ [ [ [ 110.3616981, -7.7281843 ], [ 110.3617588, -7.7281994 ], [ 110.3617252, -7.7283323 ], [ 110.3616645, -7.7283173 ], [ 110.3616981, -7.7281843 ] ] ] ] } },
{ "type": "Feature", "properties": { "full_id": "w363428618", "osm_id": "363428618", "osm_type": "way", "building": "yes", "phone": null, "height": null, "architect": null, "addr:suburb": null, "addr:street": null, "addr:province": null, "addr:postcode": null, "addr:place": null, "addr:housenumber": null, "addr:country": null, "addr:city": null, "shop": null, "religion": null, "name": null, "amenity": null, "building:walls": null, "building:use": null, "building:structure": null, "building:roof": null, "building:levels": null, "Tinggi": 3.0, "Dusun": "Kulon" }, "geometry": { "type": "MultiPolygon", "coordinates": [ [ [ [ 110.3615181, -7.7292359 ], [ 110.361535, -7.7291262 ], [ 110.3616615, -7.7291452 ], [ 110.3616447, -7.729255 ], [ 110.3615181, -7.7292359 ] ] ] ] } },
{ "type": "Feature", "properties": { "full_id": "w363428619", "osm_id": "363428619", "osm_type": "way", "building": "yes", "phone": null, "height": null, "architect": null, "addr:suburb": null, "addr:street": null, "addr:province": null, "addr:postcode": null, "addr:place": null, "addr:housenumber": null, "addr:country": null, "addr:city": null, "shop": null, "religion": null, "name": null, "amenity": null, "building:walls": null, "building:use": null, "building:structure": null, "building:roof": null, "building:levels": null, "Tinggi": 3.0, "Dusun": "Kulon" }, "geometry": { "type": "MultiPolygon", "coordinates": [ [ [ [ 110.3609121, -7.730206 ], [ 110.3609388, -7.7301481 ], [ 110.3610123, -7.7301813 ], [ 110.3609856, -7.7302393 ], [ 110.3609121, -7.730206 ] ] ] ] } },
{ "type": "Feature", "properties": { "full_id": "w363428620", "osm_id": "363428620", "osm_type": "way", "building": "yes", "phone": null, "height": null, "architect": null, "addr:suburb": null, "addr:street": null, "addr:province": null, "addr:postcode": null, "addr:place": null, "addr:housenumber": null, "addr:country": null, "addr:city": null, "shop": null, "religion": null, "name": null, "amenity": null, "building:walls": null, "building:use": null, "building:structure": null, "building:roof": null, "building:levels": null, "Tinggi": 3.0, "Dusun": "Kulon" }, "geometry": { "type": "MultiPolygon", "coordinates": [ [ [ [ 110.3619813, -7.729936 ], [ 110.3620736, -7.7299591 ], [ 110.3620528, -7.7300406 ], [ 110.3619605, -7.7300175 ], [ 110.3619813, -7.729936 ] ] ] ] } },
{ "type": "Feature", "properties": { "full_id": "w363428621", "osm_id": "363428621", "osm_type": "way", "building": "yes", "phone": null, "height": null, "architect": null, "addr:suburb": null, "addr:street": null, "addr:province": null, "addr:postcode": null, "addr:place": null, "addr:housenumber": null, "addr:country": null, "addr:city": null, "shop": null, "religion": null, "name": null, "amenity": null, "building:walls": null, "building:use": null, "building:structure": null, "building:roof": null, "building:levels": null, "Tinggi": 3.0, "Dusun": "Kulon" }, "geometry": { "type": "MultiPolygon", "coordinates": [ [ [ [ 110.3610585, -7.7303376 ], [ 110.3611283, -7.7303691 ], [ 110.361108, -7.7304133 ], [ 110.3610382, -7.7303818 ], [ 110.3610585, -7.7303376 ] ] ] ] } },
{ "type": "Feature", "properties": { "full_id": "w363428622", "osm_id": "363428622", "osm_type": "way", "building": "yes", "phone": null, "height": null, "architect": null, "addr:suburb": null, "addr:street": null, "addr:province": null, "addr:postcode": null, "addr:place": null, "addr:housenumber": null, "addr:country": null, "addr:city": null, "shop": null, "religion": null, "name": null, "amenity": null, "building:walls": null, "building:use": null, "building:structure": null, "building:roof": null, "building:levels": null, "Tinggi": 3.0, "Dusun": "Kulon" }, "geometry": { "type": "MultiPolygon", "coordinates": [ [ [ [ 110.3629369, -7.7255611 ], [ 110.3629492, -7.7254969 ], [ 110.3630679, -7.7255193 ], [ 110.3630555, -7.7255835 ], [ 110.3629369, -7.7255611 ] ] ] ] } },
{ "type": "Feature", "properties": { "full_id": "w363428624", "osm_id": "363428624", "osm_type": "way", "building": "yes", "phone": null, "height": null, "architect": null, "addr:suburb": null, "addr:street": null, "addr:province": null, "addr:postcode": null, "addr:place": null, "addr:housenumber": null, "addr:country": null, "addr:city": null, "shop": null, "religion": null, "name": null, "amenity": null, "building:walls": null, "building:use": null, "building:structure": null, "building:roof": null, "building:levels": null, "Tinggi": 3.0, "Dusun": "Kulon" }, "geometry": { "type": "MultiPolygon", "coordinates": [ [ [ [ 110.3607164, -7.7305194 ], [ 110.3607757, -7.7305392 ], [ 110.3607534, -7.7306049 ], [ 110.360694, -7.7305851 ], [ 110.3607164, -7.7305194 ] ] ] ] } },
{ "type": "Feature", "properties": { "full_id": "w363428628", "osm_id": "363428628", "osm_type": "way", "building": "yes", "phone": null, "height": null, "architect": null, "addr:suburb": null, "addr:street": null, "addr:province": null, "addr:postcode": null, "addr:place": null, "addr:housenumber": null, "addr:country": null, "addr:city": null, "shop": null, "religion": null, "name": null, "amenity": null, "building:walls": null, "building:use": null, "building:structure": null, "building:roof": null, "building:levels": null, "Tinggi": 3.0, "Dusun": "Kulon" }, "geometry": { "type": "MultiPolygon", "coordinates": [ [ [ [ 110.3610782, -7.7297467 ], [ 110.3611491, -7.7297517 ], [ 110.3611427, -7.7298419 ], [ 110.3610718, -7.729837 ], [ 110.3610782, -7.7297467 ] ] ] ] } },
{ "type": "Feature", "properties": { "full_id": "w363428630", "osm_id": "363428630", "osm_type": "way", "building": "yes", "phone": null, "height": null, "architect": null, "addr:suburb": null, "addr:street": null, "addr:province": null, "addr:postcode": null, "addr:place": null, "addr:housenumber": null, "addr:country": null, "addr:city": null, "shop": null, "religion": null, "name": null, "amenity": null, "building:walls": null, "building:use": null, "building:structure": null, "building:roof": null, "building:levels": null, "Tinggi": 3.0, "Dusun": "Kulon" }, "geometry": { "type": "MultiPolygon", "coordinates": [ [ [ [ 110.3608657, -7.7292789 ], [ 110.3608805, -7.7291961 ], [ 110.3609484, -7.729208 ], [ 110.3609336, -7.7292908 ], [ 110.3608657, -7.7292789 ] ] ] ] } },
{ "type": "Feature", "properties": { "full_id": "w363428631", "osm_id": "363428631", "osm_type": "way", "building": "yes", "phone": null, "height": null, "architect": null, "addr:suburb": null, "addr:street": null, "addr:province": null, "addr:postcode": null, "addr:place": null, "addr:housenumber": null, "addr:country": null, "addr:city": null, "shop": null, "religion": null, "name": null, "amenity": null, "building:walls": null, "building:use": null, "building:structure": null, "building:roof": null, "building:levels": null, "Tinggi": 3.0, "Dusun": "Kulon" }, "geometry": { "type": "MultiPolygon", "coordinates": [ [ [ [ 110.3611789, -7.7302343 ], [ 110.3611936, -7.7301981 ], [ 110.3612767, -7.7302314 ], [ 110.361262, -7.7302676 ], [ 110.3611789, -7.7302343 ] ] ] ] } },
{ "type": "Feature", "properties": { "full_id": "w363428637", "osm_id": "363428637", "osm_type": "way", "building": "yes", "phone": null, "height": null, "architect": null, "addr:suburb": null, "addr:street": null, "addr:province": null, "addr:postcode": null, "addr:place": null, "addr:housenumber": null, "addr:country": null, "addr:city": null, "shop": null, "religion": null, "name": null, "amenity": null, "building:walls": null, "building:use": null, "building:structure": null, "building:roof": null, "building:levels": null, "Tinggi": 3.0, "Dusun": "Kulon" }, "geometry": { "type": "MultiPolygon", "coordinates": [ [ [ [ 110.3614577, -7.7295044 ], [ 110.361538, -7.7295192 ], [ 110.3615228, -7.7296 ], [ 110.3614425, -7.7295852 ], [ 110.3614577, -7.7295044 ] ] ] ] } },
{ "type": "Feature", "properties": { "full_id": "w363428639", "osm_id": "363428639", "osm_type": "way", "building": "yes", "phone": null, "height": null, "architect": null, "addr:suburb": null, "addr:street": null, "addr:province": null, "addr:postcode": null, "addr:place": null, "addr:housenumber": null, "addr:country": null, "addr:city": null, "shop": null, "religion": null, "name": null, "amenity": null, "building:walls": null, "building:use": null, "building:structure": null, "building:roof": null, "building:levels": null, "Tinggi": 3.0, "Dusun": "Kulon" }, "geometry": { "type": "MultiPolygon", "coordinates": [ [ [ [ 110.3609602, -7.73052 ], [ 110.3609821, -7.7304677 ], [ 110.3610488, -7.7304951 ], [ 110.3610268, -7.7305475 ], [ 110.3609602, -7.73052 ] ] ] ] } },
{ "type": "Feature", "properties": { "full_id": "w363428641", "osm_id": "363428641", "osm_type": "way", "building": "yes", "phone": null, "height": null, "architect": null, "addr:suburb": null, "addr:street": null, "addr:province": null, "addr:postcode": null, "addr:place": null, "addr:housenumber": null, "addr:country": null, "addr:city": null, "shop": null, "religion": null, "name": null, "amenity": null, "building:walls": null, "building:use": null, "building:structure": null, "building:roof": null, "building:levels": null, "Tinggi": 3.0, "Dusun": "Kulon" }, "geometry": { "type": "MultiPolygon", "coordinates": [ [ [ [ 110.3619234, -7.7294185 ], [ 110.3619454, -7.7293708 ], [ 110.3620293, -7.7294087 ], [ 110.3620073, -7.7294565 ], [ 110.3619234, -7.7294185 ] ] ] ] } },
{ "type": "Feature", "properties": { "full_id": "w363428644", "osm_id": "363428644", "osm_type": "way", "building": "yes", "phone": null, "height": null, "architect": null, "addr:suburb": null, "addr:street": null, "addr:province": null, "addr:postcode": null, "addr:place": null, "addr:housenumber": null, "addr:country": null, "addr:city": null, "shop": null, "religion": null, "name": null, "amenity": null, "building:walls": null, "building:use": null, "building:structure": null, "building:roof": null, "building:levels": null, "Tinggi": 3.0, "Dusun": "Kulon" }, "geometry": { "type": "MultiPolygon", "coordinates": [ [ [ [ 110.3608571, -7.7308815 ], [ 110.3608955, -7.7308949 ], [ 110.3608707, -7.7309645 ], [ 110.3608323, -7.7309511 ], [ 110.3608571, -7.7308815 ] ] ] ] } },
{ "type": "Feature", "properties": { "full_id": "w363428646", "osm_id": "363428646", "osm_type": "way", "building": "yes", "phone": null, "height": null, "architect": null, "addr:suburb": null, "addr:street": null, "addr:province": null, "addr:postcode": null, "addr:place": null, "addr:housenumber": null, "addr:country": null, "addr:city": null, "shop": null, "religion": null, "name": null, "amenity": null, "building:walls": null, "building:use": null, "building:structure": null, "building:roof": null, "building:levels": null, "Tinggi": 3.0, "Dusun": "Kulon" }, "geometry": { "type": "MultiPolygon", "coordinates": [ [ [ [ 110.3619273, -7.7281123 ], [ 110.3619496, -7.7280354 ], [ 110.3620582, -7.7280663 ], [ 110.362036, -7.7281432 ], [ 110.3619273, -7.7281123 ] ] ] ] } },
{ "type": "Feature", "properties": { "full_id": "w363428649", "osm_id": "363428649", "osm_type": "way", "building": "yes", "phone": null, "height": null, "architect": null, "addr:suburb": null, "addr:street": null, "addr:province": null, "addr:postcode": null, "addr:place": null, "addr:housenumber": null, "addr:country": null, "addr:city": null, "shop": null, "religion": null, "name": null, "amenity": null, "building:walls": null, "building:use": null, "building:structure": null, "building:roof": null, "building:levels": null, "Tinggi": 3.0, "Dusun": "Kulon" }, "geometry": { "type": "MultiPolygon", "coordinates": [ [ [ [ 110.3621995, -7.7298289 ], [ 110.3622319, -7.7297188 ], [ 110.3623661, -7.7297576 ], [ 110.3623337, -7.7298677 ], [ 110.3621995, -7.7298289 ] ] ] ] } },
{ "type": "Feature", "properties": { "full_id": "w363428652", "osm_id": "363428652", "osm_type": "way", "building": "yes", "phone": null, "height": null, "architect": null, "addr:suburb": null, "addr:street": null, "addr:province": null, "addr:postcode": null, "addr:place": null, "addr:housenumber": null, "addr:country": null, "addr:city": null, "shop": null, "religion": null, "name": null, "amenity": null, "building:walls": null, "building:use": null, "building:structure": null, "building:roof": null, "building:levels": null, "Tinggi": 3.0, "Dusun": "Kulon" }, "geometry": { "type": "MultiPolygon", "coordinates": [ [ [ [ 110.3610023, -7.7292662 ], [ 110.3610078, -7.7291899 ], [ 110.3610973, -7.7291962 ], [ 110.3610918, -7.7292726 ], [ 110.3610023, -7.7292662 ] ] ] ] } },
{ "type": "Feature", "properties": { "full_id": "w363428653", "osm_id": "363428653", "osm_type": "way", "building": "yes", "phone": null, "height": null, "architect": null, "addr:suburb": null, "addr:street": null, "addr:province": null, "addr:postcode": null, "addr:place": null, "addr:housenumber": null, "addr:country": null, "addr:city": null, "shop": null, "religion": null, "name": null, "amenity": null, "building:walls": null, "building:use": null, "building:structure": null, "building:roof": null, "building:levels": null, "Tinggi": 3.0, "Dusun": "Kulon" }, "geometry": { "type": "MultiPolygon", "coordinates": [ [ [ [ 110.3609217, -7.7297222 ], [ 110.3609874, -7.7297266 ], [ 110.3609802, -7.7298326 ], [ 110.3609145, -7.7298283 ], [ 110.3609217, -7.7297222 ] ] ] ] } },
{ "type": "Feature", "properties": { "full_id": "w363428655", "osm_id": "363428655", "osm_type": "way", "building": "yes", "phone": null, "height": null, "architect": null, "addr:suburb": null, "addr:street": null, "addr:province": null, "addr:postcode": null, "addr:place": null, "addr:housenumber": null, "addr:country": null, "addr:city": null, "shop": null, "religion": null, "name": null, "amenity": null, "building:walls": null, "building:use": null, "building:structure": null, "building:roof": null, "building:levels": null, "Tinggi": 3.0, "Dusun": "Kulon" }, "geometry": { "type": "MultiPolygon", "coordinates": [ [ [ [ 110.36069, -7.7291459 ], [ 110.3607129, -7.7290966 ], [ 110.3608135, -7.7291426 ], [ 110.3607906, -7.7291918 ], [ 110.36069, -7.7291459 ] ] ] ] } },
{ "type": "Feature", "properties": { "full_id": "w363428660", "osm_id": "363428660", "osm_type": "way", "building": "yes", "phone": null, "height": null, "architect": null, "addr:suburb": null, "addr:street": null, "addr:province": null, "addr:postcode": null, "addr:place": null, "addr:housenumber": null, "addr:country": null, "addr:city": null, "shop": null, "religion": null, "name": null, "amenity": null, "building:walls": null, "building:use": null, "building:structure": null, "building:roof": null, "building:levels": null, "Tinggi": 3.0, "Dusun": "Kulon" }, "geometry": { "type": "MultiPolygon", "coordinates": [ [ [ [ 110.360662, -7.7296391 ], [ 110.3607081, -7.7296416 ], [ 110.3607017, -7.729754 ], [ 110.3606556, -7.7297515 ], [ 110.360662, -7.7296391 ] ] ] ] } },
{ "type": "Feature", "properties": { "full_id": "w363428661", "osm_id": "363428661", "osm_type": "way", "building": "yes", "phone": null, "height": null, "architect": null, "addr:suburb": null, "addr:street": null, "addr:province": null, "addr:postcode": null, "addr:place": null, "addr:housenumber": null, "addr:country": null, "addr:city": null, "shop": null, "religion": null, "name": null, "amenity": null, "building:walls": null, "building:use": null, "building:structure": null, "building:roof": null, "building:levels": null, "Tinggi": 3.0, "Dusun": "Kulon" }, "geometry": { "type": "MultiPolygon", "coordinates": [ [ [ [ 110.3613684, -7.729463 ], [ 110.361373, -7.7294279 ], [ 110.3614337, -7.7294358 ], [ 110.3614291, -7.7294709 ], [ 110.3613684, -7.729463 ] ] ] ] } },
{ "type": "Feature", "properties": { "full_id": "w363428663", "osm_id": "363428663", "osm_type": "way", "building": "yes", "phone": null, "height": null, "architect": null, "addr:suburb": null, "addr:street": null, "addr:province": null, "addr:postcode": null, "addr:place": null, "addr:housenumber": null, "addr:country": null, "addr:city": null, "shop": null, "religion": null, "name": null, "amenity": null, "building:walls": null, "building:use": null, "building:structure": null, "building:roof": null, "building:levels": null, "Tinggi": 3.0, "Dusun": "Kulon" }, "geometry": { "type": "MultiPolygon", "coordinates": [ [ [ [ 110.3611622, -7.7303684 ], [ 110.3611798, -7.7303278 ], [ 110.3614826, -7.7304565 ], [ 110.361465, -7.7304971 ], [ 110.3611622, -7.7303684 ] ] ] ] } },
{ "type": "Feature", "properties": { "full_id": "w363428669", "osm_id": "363428669", "osm_type": "way", "building": "yes", "phone": null, "height": null, "architect": null, "addr:suburb": null, "addr:street": null, "addr:province": null, "addr:postcode": null, "addr:place": null, "addr:housenumber": null, "addr:country": null, "addr:city": null, "shop": null, "religion": null, "name": null, "amenity": null, "building:walls": null, "building:use": null, "building:structure": null, "building:roof": null, "building:levels": null, "Tinggi": 3.0, "Dusun": "Kulon" }, "geometry": { "type": "MultiPolygon", "coordinates": [ [ [ [ 110.362198, -7.7280168 ], [ 110.3622809, -7.7280406 ], [ 110.3622561, -7.7281257 ], [ 110.3621732, -7.7281019 ], [ 110.362198, -7.7280168 ] ] ] ] } },
{ "type": "Feature", "properties": { "full_id": "w363428673", "osm_id": "363428673", "osm_type": "way", "building": "yes", "phone": null, "height": null, "architect": null, "addr:suburb": null, "addr:street": null, "addr:province": null, "addr:postcode": null, "addr:place": null, "addr:housenumber": null, "addr:country": null, "addr:city": null, "shop": null, "religion": null, "name": null, "amenity": null, "building:walls": null, "building:use": null, "building:structure": null, "building:roof": null, "building:levels": null, "Tinggi": 3.0, "Dusun": "Kulon" }, "geometry": { "type": "MultiPolygon", "coordinates": [ [ [ [ 110.3612475, -7.7298126 ], [ 110.3612555, -7.7297376 ], [ 110.3613762, -7.7297503 ], [ 110.3613681, -7.7298253 ], [ 110.3612475, -7.7298126 ] ] ] ] } },
{ "type": "Feature", "properties": { "full_id": "w363428674", "osm_id": "363428674", "osm_type": "way", "building": "yes", "phone": null, "height": null, "architect": null, "addr:suburb": null, "addr:street": null, "addr:province": null, "addr:postcode": null, "addr:place": null, "addr:housenumber": null, "addr:country": null, "addr:city": null, "shop": null, "religion": null, "name": null, "amenity": null, "building:walls": null, "building:use": null, "building:structure": null, "building:roof": null, "building:levels": null, "Tinggi": 3.0, "Dusun": "Kulon" }, "geometry": { "type": "MultiPolygon", "coordinates": [ [ [ [ 110.3621352, -7.7296181 ], [ 110.3621818, -7.7296397 ], [ 110.3621458, -7.7297157 ], [ 110.3620993, -7.7296941 ], [ 110.3621352, -7.7296181 ] ] ] ] } },
{ "type": "Feature", "properties": { "full_id": "w363428675", "osm_id": "363428675", "osm_type": "way", "building": "yes", "phone": null, "height": null, "architect": null, "addr:suburb": null, "addr:street": null, "addr:province": null, "addr:postcode": null, "addr:place": null, "addr:housenumber": null, "addr:country": null, "addr:city": null, "shop": null, "religion": null, "name": null, "amenity": null, "building:walls": null, "building:use": null, "building:structure": null, "building:roof": null, "building:levels": null, "Tinggi": 3.0, "Dusun": "Kulon" }, "geometry": { "type": "MultiPolygon", "coordinates": [ [ [ [ 110.3618818, -7.7282643 ], [ 110.3618973, -7.7282218 ], [ 110.3619812, -7.7282519 ], [ 110.3619657, -7.7282943 ], [ 110.3618818, -7.7282643 ] ] ] ] } },
{ "type": "Feature", "properties": { "full_id": "w363428677", "osm_id": "363428677", "osm_type": "way", "building": "yes", "phone": null, "height": null, "architect": null, "addr:suburb": null, "addr:street": null, "addr:province": null, "addr:postcode": null, "addr:place": null, "addr:housenumber": null, "addr:country": null, "addr:city": null, "shop": null, "religion": null, "name": null, "amenity": null, "building:walls": null, "building:use": null, "building:structure": null, "building:roof": null, "building:levels": null, "Tinggi": 3.0, "Dusun": "Kulon" }, "geometry": { "type": "MultiPolygon", "coordinates": [ [ [ [ 110.3623824, -7.7300177 ], [ 110.3624028, -7.7299791 ], [ 110.3624731, -7.7300155 ], [ 110.3624527, -7.7300541 ], [ 110.3623824, -7.7300177 ] ] ] ] } },
{ "type": "Feature", "properties": { "full_id": "w363428682", "osm_id": "363428682", "osm_type": "way", "building": "yes", "phone": null, "height": null, "architect": null, "addr:suburb": null, "addr:street": null, "addr:province": null, "addr:postcode": null, "addr:place": null, "addr:housenumber": null, "addr:country": null, "addr:city": null, "shop": null, "religion": null, "name": null, "amenity": null, "building:walls": null, "building:use": null, "building:structure": null, "building:roof": null, "building:levels": null, "Tinggi": 3.0, "Dusun": "Kulon" }, "geometry": { "type": "MultiPolygon", "coordinates": [ [ [ [ 110.36103, -7.729639 ], [ 110.3610397, -7.7295767 ], [ 110.3611532, -7.7295941 ], [ 110.3611434, -7.7296564 ], [ 110.36103, -7.729639 ] ] ] ] } },
{ "type": "Feature", "properties": { "full_id": "w363428686", "osm_id": "363428686", "osm_type": "way", "building": "yes", "phone": null, "height": null, "architect": null, "addr:suburb": null, "addr:street": null, "addr:province": null, "addr:postcode": null, "addr:place": null, "addr:housenumber": null, "addr:country": null, "addr:city": null, "shop": null, "religion": null, "name": null, "amenity": null, "building:walls": null, "building:use": null, "building:structure": null, "building:roof": null, "building:levels": null, "Tinggi": 3.0, "Dusun": "Kulon" }, "geometry": { "type": "MultiPolygon", "coordinates": [ [ [ [ 110.3617899, -7.7281756 ], [ 110.3618094, -7.728101 ], [ 110.3619021, -7.7281248 ], [ 110.3618826, -7.7281994 ], [ 110.3617899, -7.7281756 ] ] ] ] } },
{ "type": "Feature", "properties": { "full_id": "w363428688", "osm_id": "363428688", "osm_type": "way", "building": "yes", "phone": null, "height": null, "architect": null, "addr:suburb": null, "addr:street": null, "addr:province": null, "addr:postcode": null, "addr:place": null, "addr:housenumber": null, "addr:country": null, "addr:city": null, "shop": null, "religion": null, "name": null, "amenity": null, "building:walls": null, "building:use": null, "building:structure": null, "building:roof": null, "building:levels": null, "Tinggi": 3.0, "Dusun": "Kulon" }, "geometry": { "type": "MultiPolygon", "coordinates": [ [ [ [ 110.3632419, -7.7250898 ], [ 110.3633093, -7.725124 ], [ 110.3632076, -7.725321 ], [ 110.3631402, -7.7252869 ], [ 110.3632419, -7.7250898 ] ] ] ] } },
{ "type": "Feature", "properties": { "full_id": "w363428689", "osm_id": "363428689", "osm_type": "way", "building": "yes", "phone": null, "height": null, "architect": null, "addr:suburb": null, "addr:street": null, "addr:province": null, "addr:postcode": null, "addr:place": null, "addr:housenumber": null, "addr:country": null, "addr:city": null, "shop": null, "religion": null, "name": null, "amenity": null, "building:walls": null, "building:use": null, "building:structure": null, "building:roof": null, "building:levels": null, "Tinggi": 3.0, "Dusun": "Kulon" }, "geometry": { "type": "MultiPolygon", "coordinates": [ [ [ [ 110.3606365, -7.7296066 ], [ 110.3606455, -7.7295651 ], [ 110.3607342, -7.7295841 ], [ 110.3607251, -7.7296256 ], [ 110.3606365, -7.7296066 ] ] ] ] } },
{ "type": "Feature", "properties": { "full_id": "w363428690", "osm_id": "363428690", "osm_type": "way", "building": "yes", "phone": null, "height": null, "architect": null, "addr:suburb": null, "addr:street": null, "addr:province": null, "addr:postcode": null, "addr:place": null, "addr:housenumber": null, "addr:country": null, "addr:city": null, "shop": null, "religion": null, "name": null, "amenity": null, "building:walls": null, "building:use": null, "building:structure": null, "building:roof": null, "building:levels": null, "Tinggi": 3.0, "Dusun": "Kulon" }, "geometry": { "type": "MultiPolygon", "coordinates": [ [ [ [ 110.3622871, -7.7299135 ], [ 110.3623231, -7.7299262 ], [ 110.3623064, -7.72997 ], [ 110.362269, -7.7299563 ], [ 110.3622871, -7.7299135 ] ] ] ] } },
{ "type": "Feature", "properties": { "full_id": "w363428696", "osm_id": "363428696", "osm_type": "way", "building": "yes", "phone": null, "height": null, "architect": null, "addr:suburb": null, "addr:street": null, "addr:province": null, "addr:postcode": null, "addr:place": null, "addr:housenumber": null, "addr:country": null, "addr:city": null, "shop": null, "religion": null, "name": null, "amenity": null, "building:walls": null, "building:use": null, "building:structure": null, "building:roof": null, "building:levels": null, "Tinggi": 3.0, "Dusun": "Kulon" }, "geometry": { "type": "MultiPolygon", "coordinates": [ [ [ [ 110.3622602, -7.7279037 ], [ 110.3623295, -7.727928 ], [ 110.3623024, -7.7280041 ], [ 110.3622331, -7.7279799 ], [ 110.3622602, -7.7279037 ] ] ] ] } },
{ "type": "Feature", "properties": { "full_id": "w363428697", "osm_id": "363428697", "osm_type": "way", "building": "yes", "phone": null, "height": null, "architect": null, "addr:suburb": null, "addr:street": null, "addr:province": null, "addr:postcode": null, "addr:place": null, "addr:housenumber": null, "addr:country": null, "addr:city": null, "shop": null, "religion": null, "name": null, "amenity": null, "building:walls": null, "building:use": null, "building:structure": null, "building:roof": null, "building:levels": null, "Tinggi": 3.0, "Dusun": "Kulon" }, "geometry": { "type": "MultiPolygon", "coordinates": [ [ [ [ 110.3609967, -7.7297641 ], [ 110.3610585, -7.7297687 ], [ 110.3610513, -7.7298637 ], [ 110.3609896, -7.7298591 ], [ 110.3609967, -7.7297641 ] ] ] ] } },
{ "type": "Feature", "properties": { "full_id": "w363428704", "osm_id": "363428704", "osm_type": "way", "building": "yes", "phone": null, "height": null, "architect": null, "addr:suburb": null, "addr:street": null, "addr:province": null, "addr:postcode": null, "addr:place": null, "addr:housenumber": null, "addr:country": null, "addr:city": null, "shop": null, "religion": null, "name": null, "amenity": null, "building:walls": null, "building:use": null, "building:structure": null, "building:roof": null, "building:levels": null, "Tinggi": 3.0, "Dusun": "Kulon" }, "geometry": { "type": "MultiPolygon", "coordinates": [ [ [ [ 110.3609845, -7.7290649 ], [ 110.3610171, -7.7289615 ], [ 110.3611553, -7.7290043 ], [ 110.3611227, -7.7291077 ], [ 110.3609845, -7.7290649 ] ] ] ] } },
{ "type": "Feature", "properties": { "full_id": "w363428705", "osm_id": "363428705", "osm_type": "way", "building": "yes", "phone": null, "height": null, "architect": null, "addr:suburb": null, "addr:street": null, "addr:province": null, "addr:postcode": null, "addr:place": null, "addr:housenumber": null, "addr:country": null, "addr:city": null, "shop": null, "religion": null, "name": null, "amenity": null, "building:walls": null, "building:use": null, "building:structure": null, "building:roof": null, "building:levels": null, "Tinggi": 3.0, "Dusun": "Kulon" }, "geometry": { "type": "MultiPolygon", "coordinates": [ [ [ [ 110.3605398, -7.7297618 ], [ 110.3605514, -7.7297148 ], [ 110.3606496, -7.7297386 ], [ 110.3606381, -7.7297855 ], [ 110.3605398, -7.7297618 ] ] ] ] } },
{ "type": "Feature", "properties": { "full_id": "w363428708", "osm_id": "363428708", "osm_type": "way", "building": "yes", "phone": null, "height": null, "architect": null, "addr:suburb": null, "addr:street": null, "addr:province": null, "addr:postcode": null, "addr:place": null, "addr:housenumber": null, "addr:country": null, "addr:city": null, "shop": null, "religion": null, "name": null, "amenity": null, "building:walls": null, "building:use": null, "building:structure": null, "building:roof": null, "building:levels": null, "Tinggi": 3.0, "Dusun": "Kulon" }, "geometry": { "type": "MultiPolygon", "coordinates": [ [ [ [ 110.3611932, -7.7294634 ], [ 110.3612746, -7.7294722 ], [ 110.3612675, -7.7295379 ], [ 110.361186, -7.7295291 ], [ 110.3611932, -7.7294634 ] ] ] ] } },
{ "type": "Feature", "properties": { "full_id": "w363428709", "osm_id": "363428709", "osm_type": "way", "building": "yes", "phone": null, "height": null, "architect": null, "addr:suburb": null, "addr:street": null, "addr:province": null, "addr:postcode": null, "addr:place": null, "addr:housenumber": null, "addr:country": null, "addr:city": null, "shop": null, "religion": null, "name": null, "amenity": null, "building:walls": null, "building:use": null, "building:structure": null, "building:roof": null, "building:levels": null, "Tinggi": 3.0, "Dusun": "Kulon" }, "geometry": { "type": "MultiPolygon", "coordinates": [ [ [ [ 110.3621031, -7.7279955 ], [ 110.3621821, -7.7280131 ], [ 110.3621618, -7.7281027 ], [ 110.3620828, -7.7280851 ], [ 110.3621031, -7.7279955 ] ] ] ] } },
{ "type": "Feature", "properties": { "full_id": "w363428712", "osm_id": "363428712", "osm_type": "way", "building": "yes", "phone": null, "height": null, "architect": null, "addr:suburb": null, "addr:street": null, "addr:province": null, "addr:postcode": null, "addr:place": null, "addr:housenumber": null, "addr:country": null, "addr:city": null, "shop": null, "religion": null, "name": null, "amenity": null, "building:walls": null, "building:use": null, "building:structure": null, "building:roof": null, "building:levels": null, "Tinggi": 3.0, "Dusun": "Kulon" }, "geometry": { "type": "MultiPolygon", "coordinates": [ [ [ [ 110.3619874, -7.7296514 ], [ 110.3620163, -7.7295857 ], [ 110.3621154, -7.7296284 ], [ 110.3620865, -7.7296941 ], [ 110.3619874, -7.7296514 ] ] ] ] } },
{ "type": "Feature", "properties": { "full_id": "w363428714", "osm_id": "363428714", "osm_type": "way", "building": "yes", "phone": null, "height": null, "architect": null, "addr:suburb": null, "addr:street": null, "addr:province": null, "addr:postcode": null, "addr:place": null, "addr:housenumber": null, "addr:country": null, "addr:city": null, "shop": null, "religion": null, "name": null, "amenity": null, "building:walls": null, "building:use": null, "building:structure": null, "building:roof": null, "building:levels": null, "Tinggi": 3.0, "Dusun": "Kulon" }, "geometry": { "type": "MultiPolygon", "coordinates": [ [ [ [ 110.3619201, -7.728121 ], [ 110.3620146, -7.7281481 ], [ 110.3619914, -7.7282273 ], [ 110.361897, -7.7282002 ], [ 110.3619201, -7.728121 ] ] ] ] } },
{ "type": "Feature", "properties": { "full_id": "w363428715", "osm_id": "363428715", "osm_type": "way", "building": "yes", "phone": null, "height": null, "architect": null, "addr:suburb": null, "addr:street": null, "addr:province": null, "addr:postcode": null, "addr:place": null, "addr:housenumber": null, "addr:country": null, "addr:city": null, "shop": null, "religion": null, "name": null, "amenity": null, "building:walls": null, "building:use": null, "building:structure": null, "building:roof": null, "building:levels": null, "Tinggi": 3.0, "Dusun": "Kulon" }, "geometry": { "type": "MultiPolygon", "coordinates": [ [ [ [ 110.3623513, -7.7300818 ], [ 110.362373, -7.7300382 ], [ 110.3624585, -7.7300802 ], [ 110.3624367, -7.7301237 ], [ 110.3623513, -7.7300818 ] ] ] ] } },
{ "type": "Feature", "properties": { "full_id": "w363428718", "osm_id": "363428718", "osm_type": "way", "building": "yes", "phone": null, "height": null, "architect": null, "addr:suburb": null, "addr:street": null, "addr:province": null, "addr:postcode": null, "addr:place": null, "addr:housenumber": null, "addr:country": null, "addr:city": null, "shop": null, "religion": null, "name": null, "amenity": null, "building:walls": null, "building:use": null, "building:structure": null, "building:roof": null, "building:levels": null, "Tinggi": 3.0, "Dusun": "Kulon" }, "geometry": { "type": "MultiPolygon", "coordinates": [ [ [ [ 110.3615803, -7.7286169 ], [ 110.3616545, -7.7286368 ], [ 110.3616251, -7.7287443 ], [ 110.3615509, -7.7287244 ], [ 110.3615803, -7.7286169 ] ] ] ] } },
{ "type": "Feature", "properties": { "full_id": "w363428719", "osm_id": "363428719", "osm_type": "way", "building": "yes", "phone": null, "height": null, "architect": null, "addr:suburb": null, "addr:street": null, "addr:province": null, "addr:postcode": null, "addr:place": null, "addr:housenumber": null, "addr:country": null, "addr:city": null, "shop": null, "religion": null, "name": null, "amenity": null, "building:walls": null, "building:use": null, "building:structure": null, "building:roof": null, "building:levels": null, "Tinggi": 3.0, "Dusun": "Kulon" }, "geometry": { "type": "MultiPolygon", "coordinates": [ [ [ [ 110.3615942, -7.7278408 ], [ 110.3616443, -7.72785 ], [ 110.3616212, -7.7279742 ], [ 110.3615711, -7.7279651 ], [ 110.3615942, -7.7278408 ] ] ] ] } },
{ "type": "Feature", "properties": { "full_id": "w363428721", "osm_id": "363428721", "osm_type": "way", "building": "yes", "phone": null, "height": null, "architect": null, "addr:suburb": null, "addr:street": null, "addr:province": null, "addr:postcode": null, "addr:place": null, "addr:housenumber": null, "addr:country": null, "addr:city": null, "shop": null, "religion": null, "name": null, "amenity": null, "building:walls": null, "building:use": null, "building:structure": null, "building:roof": null, "building:levels": null, "Tinggi": 3.0, "Dusun": "Kulon" }, "geometry": { "type": "MultiPolygon", "coordinates": [ [ [ [ 110.3606996, -7.7298631 ], [ 110.3607774, -7.7298709 ], [ 110.3607679, -7.7299643 ], [ 110.36069, -7.7299565 ], [ 110.3606996, -7.7298631 ] ] ] ] } },
{ "type": "Feature", "properties": { "full_id": "w363428722", "osm_id": "363428722", "osm_type": "way", "building": "yes", "phone": null, "height": null, "architect": null, "addr:suburb": null, "addr:street": null, "addr:province": null, "addr:postcode": null, "addr:place": null, "addr:housenumber": null, "addr:country": null, "addr:city": null, "shop": null, "religion": null, "name": null, "amenity": null, "building:walls": null, "building:use": null, "building:structure": null, "building:roof": null, "building:levels": null, "Tinggi": 3.0, "Dusun": "Kulon" }, "geometry": { "type": "MultiPolygon", "coordinates": [ [ [ [ 110.3616016, -7.7299029 ], [ 110.361662, -7.7299213 ], [ 110.3616436, -7.7299807 ], [ 110.3615832, -7.7299623 ], [ 110.3616016, -7.7299029 ] ] ] ] } },
{ "type": "Feature", "properties": { "full_id": "w363428728", "osm_id": "363428728", "osm_type": "way", "building": "yes", "phone": null, "height": null, "architect": null, "addr:suburb": null, "addr:street": null, "addr:province": null, "addr:postcode": null, "addr:place": null, "addr:housenumber": null, "addr:country": null, "addr:city": null, "shop": null, "religion": null, "name": null, "amenity": null, "building:walls": null, "building:use": null, "building:structure": null, "building:roof": null, "building:levels": null, "Tinggi": 3.0, "Dusun": "Kulon" }, "geometry": { "type": "MultiPolygon", "coordinates": [ [ [ [ 110.361066, -7.7288211 ], [ 110.3610872, -7.7287582 ], [ 110.3612238, -7.7288033 ], [ 110.3612026, -7.7288662 ], [ 110.361066, -7.7288211 ] ] ] ] } },
{ "type": "Feature", "properties": { "full_id": "w363428729", "osm_id": "363428729", "osm_type": "way", "building": "yes", "phone": null, "height": null, "architect": null, "addr:suburb": null, "addr:street": null, "addr:province": null, "addr:postcode": null, "addr:place": null, "addr:housenumber": null, "addr:country": null, "addr:city": null, "shop": null, "religion": null, "name": null, "amenity": null, "building:walls": null, "building:use": null, "building:structure": null, "building:roof": null, "building:levels": null, "Tinggi": 3.0, "Dusun": "Kulon" }, "geometry": { "type": "MultiPolygon", "coordinates": [ [ [ [ 110.3605526, -7.7296866 ], [ 110.3605605, -7.7296225 ], [ 110.3606459, -7.7296328 ], [ 110.3606381, -7.7296969 ], [ 110.3605526, -7.7296866 ] ] ] ] } },
{ "type": "Feature", "properties": { "full_id": "w363428736", "osm_id": "363428736", "osm_type": "way", "building": "yes", "phone": null, "height": null, "architect": null, "addr:suburb": null, "addr:street": null, "addr:province": null, "addr:postcode": null, "addr:place": null, "addr:housenumber": null, "addr:country": null, "addr:city": null, "shop": null, "religion": null, "name": null, "amenity": null, "building:walls": null, "building:use": null, "building:structure": null, "building:roof": null, "building:levels": null, "Tinggi": 3.0, "Dusun": "Kulon" }, "geometry": { "type": "MultiPolygon", "coordinates": [ [ [ [ 110.3622907, -7.7281008 ], [ 110.3623061, -7.7280527 ], [ 110.3624089, -7.7280851 ], [ 110.3623935, -7.7281332 ], [ 110.3622907, -7.7281008 ] ] ] ] } },
{ "type": "Feature", "properties": { "full_id": "w363428737", "osm_id": "363428737", "osm_type": "way", "building": "yes", "phone": null, "height": null, "architect": null, "addr:suburb": null, "addr:street": null, "addr:province": null, "addr:postcode": null, "addr:place": null, "addr:housenumber": null, "addr:country": null, "addr:city": null, "shop": null, "religion": null, "name": null, "amenity": null, "building:walls": null, "building:use": null, "building:structure": null, "building:roof": null, "building:levels": null, "Tinggi": 3.0, "Dusun": "Kulon" }, "geometry": { "type": "MultiPolygon", "coordinates": [ [ [ [ 110.3621392, -7.7296062 ], [ 110.362171, -7.7295412 ], [ 110.3622684, -7.7295879 ], [ 110.3622367, -7.7296529 ], [ 110.3621392, -7.7296062 ] ] ] ] } },
{ "type": "Feature", "properties": { "full_id": "w363428742", "osm_id": "363428742", "osm_type": "way", "building": "yes", "phone": null, "height": null, "architect": null, "addr:suburb": null, "addr:street": null, "addr:province": null, "addr:postcode": null, "addr:place": null, "addr:housenumber": null, "addr:country": null, "addr:city": null, "shop": null, "religion": null, "name": null, "amenity": null, "building:walls": null, "building:use": null, "building:structure": null, "building:roof": null, "building:levels": null, "Tinggi": 3.0, "Dusun": "Kulon" }, "geometry": { "type": "MultiPolygon", "coordinates": [ [ [ [ 110.3612579, -7.7282627 ], [ 110.3612717, -7.7282106 ], [ 110.3613755, -7.7282376 ], [ 110.3613618, -7.7282896 ], [ 110.3612579, -7.7282627 ] ] ] ] } },
{ "type": "Feature", "properties": { "full_id": "w363428744", "osm_id": "363428744", "osm_type": "way", "building": "yes", "phone": null, "height": null, "architect": null, "addr:suburb": null, "addr:street": null, "addr:province": null, "addr:postcode": null, "addr:place": null, "addr:housenumber": null, "addr:country": null, "addr:city": null, "shop": null, "religion": null, "name": null, "amenity": null, "building:walls": null, "building:use": null, "building:structure": null, "building:roof": null, "building:levels": null, "Tinggi": 3.0, "Dusun": "Kulon" }, "geometry": { "type": "MultiPolygon", "coordinates": [ [ [ [ 110.3617093, -7.7280141 ], [ 110.3617718, -7.7280313 ], [ 110.3617359, -7.7281603 ], [ 110.3616733, -7.7281432 ], [ 110.3617093, -7.7280141 ] ] ] ] } },
{ "type": "Feature", "properties": { "full_id": "w363428747", "osm_id": "363428747", "osm_type": "way", "building": "yes", "phone": null, "height": null, "architect": null, "addr:suburb": null, "addr:street": null, "addr:province": null, "addr:postcode": null, "addr:place": null, "addr:housenumber": null, "addr:country": null, "addr:city": null, "shop": null, "religion": null, "name": null, "amenity": null, "building:walls": null, "building:use": null, "building:structure": null, "building:roof": null, "building:levels": null, "Tinggi": 3.0, "Dusun": "Kulon" }, "geometry": { "type": "MultiPolygon", "coordinates": [ [ [ [ 110.3614054, -7.7286315 ], [ 110.3614982, -7.7286586 ], [ 110.3614722, -7.728746 ], [ 110.3613795, -7.7287189 ], [ 110.3614054, -7.7286315 ] ] ] ] } },
{ "type": "Feature", "properties": { "full_id": "w363428748", "osm_id": "363428748", "osm_type": "way", "building": "yes", "phone": null, "height": null, "architect": null, "addr:suburb": null, "addr:street": null, "addr:province": null, "addr:postcode": null, "addr:place": null, "addr:housenumber": null, "addr:country": null, "addr:city": null, "shop": null, "religion": null, "name": null, "amenity": null, "building:walls": null, "building:use": null, "building:structure": null, "building:roof": null, "building:levels": null, "Tinggi": 3.0, "Dusun": "Kulon" }, "geometry": { "type": "MultiPolygon", "coordinates": [ [ [ [ 110.3621831, -7.7300527 ], [ 110.3622047, -7.7299928 ], [ 110.3622742, -7.7300174 ], [ 110.3622526, -7.7300773 ], [ 110.3621831, -7.7300527 ] ] ] ] } },
{ "type": "Feature", "properties": { "full_id": "w363428750", "osm_id": "363428750", "osm_type": "way", "building": "yes", "phone": null, "height": null, "architect": null, "addr:suburb": null, "addr:street": null, "addr:province": null, "addr:postcode": null, "addr:place": null, "addr:housenumber": null, "addr:country": null, "addr:city": null, "shop": null, "religion": null, "name": null, "amenity": null, "building:walls": null, "building:use": null, "building:structure": null, "building:roof": null, "building:levels": null, "Tinggi": 3.0, "Dusun": "Kulon" }, "geometry": { "type": "MultiPolygon", "coordinates": [ [ [ [ 110.3613959, -7.7281738 ], [ 110.3614833, -7.7281918 ], [ 110.3614713, -7.7282488 ], [ 110.3613839, -7.7282308 ], [ 110.3613959, -7.7281738 ] ] ] ] } },
{ "type": "Feature", "properties": { "full_id": "w363428751", "osm_id": "363428751", "osm_type": "way", "building": "yes", "phone": null, "height": null, "architect": null, "addr:suburb": null, "addr:street": null, "addr:province": null, "addr:postcode": null, "addr:place": null, "addr:housenumber": null, "addr:country": null, "addr:city": null, "shop": null, "religion": null, "name": null, "amenity": null, "building:walls": null, "building:use": null, "building:structure": null, "building:roof": null, "building:levels": null, "Tinggi": 3.0, "Dusun": "Kulon" }, "geometry": { "type": "MultiPolygon", "coordinates": [ [ [ [ 110.3609294, -7.7288884 ], [ 110.3609617, -7.7288266 ], [ 110.3610296, -7.7288614 ], [ 110.3609973, -7.7289232 ], [ 110.3609294, -7.7288884 ] ] ] ] } },
{ "type": "Feature", "properties": { "full_id": "w363428752", "osm_id": "363428752", "osm_type": "way", "building": "yes", "phone": null, "height": null, "architect": null, "addr:suburb": null, "addr:street": null, "addr:province": null, "addr:postcode": null, "addr:place": null, "addr:housenumber": null, "addr:country": null, "addr:city": null, "shop": null, "religion": null, "name": null, "amenity": null, "building:walls": null, "building:use": null, "building:structure": null, "building:roof": null, "building:levels": null, "Tinggi": 3.0, "Dusun": "Kulon" }, "geometry": { "type": "MultiPolygon", "coordinates": [ [ [ [ 110.3607963, -7.7305534 ], [ 110.3608578, -7.7305779 ], [ 110.3608235, -7.7306626 ], [ 110.3607619, -7.7306381 ], [ 110.3607963, -7.7305534 ] ] ] ] } },
{ "type": "Feature", "properties": { "full_id": "w363428753", "osm_id": "363428753", "osm_type": "way", "building": "yes", "phone": null, "height": null, "architect": null, "addr:suburb": null, "addr:street": null, "addr:province": null, "addr:postcode": null, "addr:place": null, "addr:housenumber": null, "addr:country": null, "addr:city": null, "shop": null, "religion": null, "name": null, "amenity": null, "building:walls": null, "building:use": null, "building:structure": null, "building:roof": null, "building:levels": null, "Tinggi": 3.0, "Dusun": "Kulon" }, "geometry": { "type": "MultiPolygon", "coordinates": [ [ [ [ 110.3617696, -7.7298481 ], [ 110.3618289, -7.7298631 ], [ 110.3618098, -7.7299375 ], [ 110.3617504, -7.7299225 ], [ 110.3617696, -7.7298481 ] ] ] ] } },
{ "type": "Feature", "properties": { "full_id": "w363428755", "osm_id": "363428755", "osm_type": "way", "building": "yes", "phone": null, "height": null, "architect": null, "addr:suburb": null, "addr:street": null, "addr:province": null, "addr:postcode": null, "addr:place": null, "addr:housenumber": null, "addr:country": null, "addr:city": null, "shop": null, "religion": null, "name": null, "amenity": null, "building:walls": null, "building:use": null, "building:structure": null, "building:roof": null, "building:levels": null, "Tinggi": 3.0, "Dusun": "Kulon" }, "geometry": { "type": "MultiPolygon", "coordinates": [ [ [ [ 110.3610374, -7.7295642 ], [ 110.3610507, -7.7294653 ], [ 110.3611585, -7.7294796 ], [ 110.3611452, -7.7295785 ], [ 110.3610374, -7.7295642 ] ] ] ] } },
{ "type": "Feature", "properties": { "full_id": "w363428756", "osm_id": "363428756", "osm_type": "way", "building": "yes", "phone": null, "height": null, "architect": null, "addr:suburb": null, "addr:street": null, "addr:province": null, "addr:postcode": null, "addr:place": null, "addr:housenumber": null, "addr:country": null, "addr:city": null, "shop": null, "religion": null, "name": null, "amenity": null, "building:walls": null, "building:use": null, "building:structure": null, "building:roof": null, "building:levels": null, "Tinggi": 3.0, "Dusun": "Kulon" }, "geometry": { "type": "MultiPolygon", "coordinates": [ [ [ [ 110.3601935, -7.7300531 ], [ 110.3602519, -7.7300635 ], [ 110.360244, -7.7301071 ], [ 110.3601856, -7.7300967 ], [ 110.3601935, -7.7300531 ] ] ] ] } },
{ "type": "Feature", "properties": { "full_id": "w363428760", "osm_id": "363428760", "osm_type": "way", "building": "yes", "phone": null, "height": null, "architect": null, "addr:suburb": null, "addr:street": null, "addr:province": null, "addr:postcode": null, "addr:place": null, "addr:housenumber": null, "addr:country": null, "addr:city": null, "shop": null, "religion": null, "name": null, "amenity": null, "building:walls": null, "building:use": null, "building:structure": null, "building:roof": null, "building:levels": null, "Tinggi": 3.0, "Dusun": "Kulon" }, "geometry": { "type": "MultiPolygon", "coordinates": [ [ [ [ 110.3607875, -7.72929 ], [ 110.3608352, -7.7293084 ], [ 110.3608184, -7.7293511 ], [ 110.3607707, -7.7293327 ], [ 110.3607875, -7.72929 ] ] ] ] } },
{ "type": "Feature", "properties": { "full_id": "w363428767", "osm_id": "363428767", "osm_type": "way", "building": "yes", "phone": null, "height": null, "architect": null, "addr:suburb": null, "addr:street": null, "addr:province": null, "addr:postcode": null, "addr:place": null, "addr:housenumber": null, "addr:country": null, "addr:city": null, "shop": null, "religion": null, "name": null, "amenity": null, "building:walls": null, "building:use": null, "building:structure": null, "building:roof": null, "building:levels": null, "Tinggi": 3.0, "Dusun": "Kulon" }, "geometry": { "type": "MultiPolygon", "coordinates": [ [ [ [ 110.3615554, -7.729002 ], [ 110.3615814, -7.7288582 ], [ 110.361796, -7.7288962 ], [ 110.3617701, -7.72904 ], [ 110.3615554, -7.729002 ] ] ] ] } },
{ "type": "Feature", "properties": { "full_id": "w363428768", "osm_id": "363428768", "osm_type": "way", "building": "yes", "phone": null, "height": null, "architect": null, "addr:suburb": null, "addr:street": null, "addr:province": null, "addr:postcode": null, "addr:place": null, "addr:housenumber": null, "addr:country": null, "addr:city": null, "shop": null, "religion": null, "name": null, "amenity": null, "building:walls": null, "building:use": null, "building:structure": null, "building:roof": null, "building:levels": null, "Tinggi": 3.0, "Dusun": "Kulon" }, "geometry": { "type": "MultiPolygon", "coordinates": [ [ [ [ 110.3614154, -7.7280393 ], [ 110.3614307, -7.7279626 ], [ 110.3615314, -7.7279824 ], [ 110.361516, -7.7280591 ], [ 110.3614154, -7.7280393 ] ] ] ] } },
{ "type": "Feature", "properties": { "full_id": "w363428770", "osm_id": "363428770", "osm_type": "way", "building": "yes", "phone": null, "height": null, "architect": null, "addr:suburb": null, "addr:street": null, "addr:province": null, "addr:postcode": null, "addr:place": null, "addr:housenumber": null, "addr:country": null, "addr:city": null, "shop": null, "religion": null, "name": null, "amenity": null, "building:walls": null, "building:use": null, "building:structure": null, "building:roof": null, "building:levels": null, "Tinggi": 3.0, "Dusun": "Kulon" }, "geometry": { "type": "MultiPolygon", "coordinates": [ [ [ [ 110.3607108, -7.7297736 ], [ 110.360789, -7.7297805 ], [ 110.3607826, -7.7298518 ], [ 110.3607044, -7.7298449 ], [ 110.3607108, -7.7297736 ] ] ] ] } },
{ "type": "Feature", "properties": { "full_id": "w363428771", "osm_id": "363428771", "osm_type": "way", "building": "yes", "phone": null, "height": null, "architect": null, "addr:suburb": null, "addr:street": null, "addr:province": null, "addr:postcode": null, "addr:place": null, "addr:housenumber": null, "addr:country": null, "addr:city": null, "shop": null, "religion": null, "name": null, "amenity": null, "building:walls": null, "building:use": null, "building:structure": null, "building:roof": null, "building:levels": null, "Tinggi": 3.0, "Dusun": "Kulon" }, "geometry": { "type": "MultiPolygon", "coordinates": [ [ [ [ 110.3618832, -7.7292047 ], [ 110.3619033, -7.7291605 ], [ 110.3620239, -7.7292143 ], [ 110.3620038, -7.7292585 ], [ 110.3618832, -7.7292047 ] ] ] ] } },
{ "type": "Feature", "properties": { "full_id": "w363428772", "osm_id": "363428772", "osm_type": "way", "building": "yes", "phone": null, "height": null, "architect": null, "addr:suburb": null, "addr:street": null, "addr:province": null, "addr:postcode": null, "addr:place": null, "addr:housenumber": null, "addr:country": null, "addr:city": null, "shop": null, "religion": null, "name": null, "amenity": null, "building:walls": null, "building:use": null, "building:structure": null, "building:roof": null, "building:levels": null, "Tinggi": 3.0, "Dusun": "Kulon" }, "geometry": { "type": "MultiPolygon", "coordinates": [ [ [ [ 110.3614589, -7.7298845 ], [ 110.361476, -7.7297748 ], [ 110.361595, -7.729793 ], [ 110.3615779, -7.7299027 ], [ 110.3614589, -7.7298845 ] ] ] ] } },
{ "type": "Feature", "properties": { "full_id": "w363428774", "osm_id": "363428774", "osm_type": "way", "building": "yes", "phone": null, "height": null, "architect": null, "addr:suburb": null, "addr:street": null, "addr:province": null, "addr:postcode": null, "addr:place": null, "addr:housenumber": null, "addr:country": null, "addr:city": null, "shop": null, "religion": null, "name": null, "amenity": null, "building:walls": null, "building:use": null, "building:structure": null, "building:roof": null, "building:levels": null, "Tinggi": 3.0, "Dusun": "Kulon" }, "geometry": { "type": "MultiPolygon", "coordinates": [ [ [ [ 110.3609116, -7.7307747 ], [ 110.360935, -7.7307337 ], [ 110.3609909, -7.730765 ], [ 110.3609675, -7.730806 ], [ 110.3609116, -7.7307747 ] ] ] ] } },
{ "type": "Feature", "properties": { "full_id": "w363428780", "osm_id": "363428780", "osm_type": "way", "building": "yes", "phone": null, "height": null, "architect": null, "addr:suburb": null, "addr:street": null, "addr:province": null, "addr:postcode": null, "addr:place": null, "addr:housenumber": null, "addr:country": null, "addr:city": null, "shop": null, "religion": null, "name": null, "amenity": null, "building:walls": null, "building:use": null, "building:structure": null, "building:roof": null, "building:levels": null, "Tinggi": 3.0, "Dusun": "Kulon" }, "geometry": { "type": "MultiPolygon", "coordinates": [ [ [ [ 110.3620498, -7.7295611 ], [ 110.3620713, -7.7295156 ], [ 110.3621496, -7.729552 ], [ 110.362128, -7.7295975 ], [ 110.3620498, -7.7295611 ] ] ] ] } },
{ "type": "Feature", "properties": { "full_id": "w363428783", "osm_id": "363428783", "osm_type": "way", "building": "yes", "phone": null, "height": null, "architect": null, "addr:suburb": null, "addr:street": null, "addr:province": null, "addr:postcode": null, "addr:place": null, "addr:housenumber": null, "addr:country": null, "addr:city": null, "shop": null, "religion": null, "name": null, "amenity": null, "building:walls": null, "building:use": null, "building:structure": null, "building:roof": null, "building:levels": null, "Tinggi": 3.0, "Dusun": "Kulon" }, "geometry": { "type": "MultiPolygon", "coordinates": [ [ [ [ 110.3618275, -7.7280189 ], [ 110.361929, -7.7280461 ], [ 110.361913, -7.7281046 ], [ 110.3618115, -7.7280775 ], [ 110.3618275, -7.7280189 ] ] ] ] } },
{ "type": "Feature", "properties": { "full_id": "w363428787", "osm_id": "363428787", "osm_type": "way", "building": "yes", "phone": null, "height": null, "architect": null, "addr:suburb": null, "addr:street": null, "addr:province": null, "addr:postcode": null, "addr:place": null, "addr:housenumber": null, "addr:country": null, "addr:city": null, "shop": null, "religion": null, "name": null, "amenity": null, "building:walls": null, "building:use": null, "building:structure": null, "building:roof": null, "building:levels": null, "Tinggi": 3.0, "Dusun": "Kulon" }, "geometry": { "type": "MultiPolygon", "coordinates": [ [ [ [ 110.3610636, -7.7289541 ], [ 110.3610852, -7.7288906 ], [ 110.3611706, -7.7289191 ], [ 110.3611491, -7.7289826 ], [ 110.3610636, -7.7289541 ] ] ] ] } },
{ "type": "Feature", "properties": { "full_id": "w363428788", "osm_id": "363428788", "osm_type": "way", "building": "yes", "phone": null, "height": null, "architect": null, "addr:suburb": null, "addr:street": null, "addr:province": null, "addr:postcode": null, "addr:place": null, "addr:housenumber": null, "addr:country": null, "addr:city": null, "shop": null, "religion": null, "name": null, "amenity": null, "building:walls": null, "building:use": null, "building:structure": null, "building:roof": null, "building:levels": null, "Tinggi": 3.0, "Dusun": "Kulon" }, "geometry": { "type": "MultiPolygon", "coordinates": [ [ [ [ 110.3608929, -7.7302662 ], [ 110.3609107, -7.7302219 ], [ 110.360985, -7.7302512 ], [ 110.3609672, -7.7302955 ], [ 110.3608929, -7.7302662 ] ] ] ] } },
{ "type": "Feature", "properties": { "full_id": "w363428792", "osm_id": "363428792", "osm_type": "way", "building": "yes", "phone": null, "height": null, "architect": null, "addr:suburb": null, "addr:street": null, "addr:province": null, "addr:postcode": null, "addr:place": null, "addr:housenumber": null, "addr:country": null, "addr:city": null, "shop": null, "religion": null, "name": null, "amenity": null, "building:walls": null, "building:use": null, "building:structure": null, "building:roof": null, "building:levels": null, "Tinggi": 3.0, "Dusun": "Kulon" }, "geometry": { "type": "MultiPolygon", "coordinates": [ [ [ [ 110.3607978, -7.7292045 ], [ 110.3608682, -7.7292341 ], [ 110.360841, -7.7292975 ], [ 110.3607707, -7.7292678 ], [ 110.3607978, -7.7292045 ] ] ] ] } },
{ "type": "Feature", "properties": { "full_id": "w363428796", "osm_id": "363428796", "osm_type": "way", "building": "yes", "phone": null, "height": null, "architect": null, "addr:suburb": null, "addr:street": null, "addr:province": null, "addr:postcode": null, "addr:place": null, "addr:housenumber": null, "addr:country": null, "addr:city": null, "shop": null, "religion": null, "name": null, "amenity": null, "building:walls": null, "building:use": null, "building:structure": null, "building:roof": null, "building:levels": null, "Tinggi": 3.0, "Dusun": "Kulon" }, "geometry": { "type": "MultiPolygon", "coordinates": [ [ [ [ 110.3609496, -7.7292599 ], [ 110.3609825, -7.7292624 ], [ 110.3609714, -7.7294104 ], [ 110.3609384, -7.7294079 ], [ 110.3609496, -7.7292599 ] ] ] ] } },
{ "type": "Feature", "properties": { "full_id": "w363428797", "osm_id": "363428797", "osm_type": "way", "building": "yes", "phone": null, "height": null, "architect": null, "addr:suburb": null, "addr:street": null, "addr:province": null, "addr:postcode": null, "addr:place": null, "addr:housenumber": null, "addr:country": null, "addr:city": null, "shop": null, "religion": null, "name": null, "amenity": null, "building:walls": null, "building:use": null, "building:structure": null, "building:roof": null, "building:levels": null, "Tinggi": 3.0, "Dusun": "Kulon" }, "geometry": { "type": "MultiPolygon", "coordinates": [ [ [ [ 110.361234, -7.7284305 ], [ 110.3612537, -7.7283553 ], [ 110.3613583, -7.7283822 ], [ 110.3613386, -7.7284574 ], [ 110.361234, -7.7284305 ] ] ] ] } },
{ "type": "Feature", "properties": { "full_id": "w363428801", "osm_id": "363428801", "osm_type": "way", "building": "yes", "phone": null, "height": null, "architect": null, "addr:suburb": null, "addr:street": null, "addr:province": null, "addr:postcode": null, "addr:place": null, "addr:housenumber": null, "addr:country": null, "addr:city": null, "shop": null, "religion": null, "name": null, "amenity": null, "building:walls": null, "building:use": null, "building:structure": null, "building:roof": null, "building:levels": null, "Tinggi": 3.0, "Dusun": "Kulon" }, "geometry": { "type": "MultiPolygon", "coordinates": [ [ [ [ 110.3615792, -7.7285979 ], [ 110.361602, -7.7285261 ], [ 110.3616879, -7.7285529 ], [ 110.361665, -7.7286247 ], [ 110.3615792, -7.7285979 ] ] ] ] } },
{ "type": "Feature", "properties": { "full_id": "w363428802", "osm_id": "363428802", "osm_type": "way", "building": "yes", "phone": null, "height": null, "architect": null, "addr:suburb": null, "addr:street": null, "addr:province": null, "addr:postcode": null, "addr:place": null, "addr:housenumber": null, "addr:country": null, "addr:city": null, "shop": null, "religion": null, "name": null, "amenity": null, "building:walls": null, "building:use": null, "building:structure": null, "building:roof": null, "building:levels": null, "Tinggi": 3.0, "Dusun": "Kulon" }, "geometry": { "type": "MultiPolygon", "coordinates": [ [ [ [ 110.361778, -7.7302925 ], [ 110.3618018, -7.7302414 ], [ 110.361934, -7.7303019 ], [ 110.3619102, -7.730353 ], [ 110.361778, -7.7302925 ] ] ] ] } },
{ "type": "Feature", "properties": { "full_id": "w363428804", "osm_id": "363428804", "osm_type": "way", "building": "yes", "phone": null, "height": null, "architect": null, "addr:suburb": null, "addr:street": null, "addr:province": null, "addr:postcode": null, "addr:place": null, "addr:housenumber": null, "addr:country": null, "addr:city": null, "shop": null, "religion": null, "name": null, "amenity": null, "building:walls": null, "building:use": null, "building:structure": null, "building:roof": null, "building:levels": null, "Tinggi": 3.0, "Dusun": "Kulon" }, "geometry": { "type": "MultiPolygon", "coordinates": [ [ [ [ 110.3615519, -7.7279737 ], [ 110.3616472, -7.7279958 ], [ 110.3616153, -7.7281311 ], [ 110.36152, -7.7281091 ], [ 110.3615519, -7.7279737 ] ] ] ] } },
{ "type": "Feature", "properties": { "full_id": "w363428806", "osm_id": "363428806", "osm_type": "way", "building": "yes", "phone": null, "height": null, "architect": null, "addr:suburb": null, "addr:street": null, "addr:province": null, "addr:postcode": null, "addr:place": null, "addr:housenumber": null, "addr:country": null, "addr:city": null, "shop": null, "religion": null, "name": null, "amenity": null, "building:walls": null, "building:use": null, "building:structure": null, "building:roof": null, "building:levels": null, "Tinggi": 3.0, "Dusun": "Kulon" }, "geometry": { "type": "MultiPolygon", "coordinates": [ [ [ [ 110.360523, -7.7298631 ], [ 110.3605298, -7.729799 ], [ 110.3606368, -7.7298101 ], [ 110.3606301, -7.7298742 ], [ 110.360523, -7.7298631 ] ] ] ] } },
{ "type": "Feature", "properties": { "full_id": "w363428807", "osm_id": "363428807", "osm_type": "way", "building": "yes", "phone": null, "height": null, "architect": null, "addr:suburb": null, "addr:street": null, "addr:province": null, "addr:postcode": null, "addr:place": null, "addr:housenumber": null, "addr:country": null, "addr:city": null, "shop": null, "religion": null, "name": null, "amenity": null, "building:walls": null, "building:use": null, "building:structure": null, "building:roof": null, "building:levels": null, "Tinggi": 3.0, "Dusun": "Kulon" }, "geometry": { "type": "MultiPolygon", "coordinates": [ [ [ [ 110.3616698, -7.7292768 ], [ 110.3617304, -7.7293071 ], [ 110.3616849, -7.7293966 ], [ 110.3616243, -7.7293663 ], [ 110.3616698, -7.7292768 ] ] ] ] } },
{ "type": "Feature", "properties": { "full_id": "w363428808", "osm_id": "363428808", "osm_type": "way", "building": "yes", "phone": null, "height": null, "architect": null, "addr:suburb": null, "addr:street": null, "addr:province": null, "addr:postcode": null, "addr:place": null, "addr:housenumber": null, "addr:country": null, "addr:city": null, "shop": null, "religion": null, "name": null, "amenity": null, "building:walls": null, "building:use": null, "building:structure": null, "building:roof": null, "building:levels": null, "Tinggi": 3.0, "Dusun": "Kulon" }, "geometry": { "type": "MultiPolygon", "coordinates": [ [ [ [ 110.360849, -7.7304181 ], [ 110.3609075, -7.7304379 ], [ 110.3608668, -7.7305559 ], [ 110.3608083, -7.730536 ], [ 110.360849, -7.7304181 ] ] ] ] } },
{ "type": "Feature", "properties": { "full_id": "w363428809", "osm_id": "363428809", "osm_type": "way", "building": "yes", "phone": null, "height": null, "architect": null, "addr:suburb": null, "addr:street": null, "addr:province": null, "addr:postcode": null, "addr:place": null, "addr:housenumber": null, "addr:country": null, "addr:city": null, "shop": null, "religion": null, "name": null, "amenity": null, "building:walls": null, "building:use": null, "building:structure": null, "building:roof": null, "building:levels": null, "Tinggi": 3.0, "Dusun": "Kulon" }, "geometry": { "type": "MultiPolygon", "coordinates": [ [ [ [ 110.3616626, -7.7297601 ], [ 110.3617314, -7.729783 ], [ 110.3616946, -7.7298914 ], [ 110.3616259, -7.7298686 ], [ 110.3616626, -7.7297601 ] ] ] ] } },
{ "type": "Feature", "properties": { "full_id": "w363428811", "osm_id": "363428811", "osm_type": "way", "building": "yes", "phone": null, "height": null, "architect": null, "addr:suburb": null, "addr:street": null, "addr:province": null, "addr:postcode": null, "addr:place": null, "addr:housenumber": null, "addr:country": null, "addr:city": null, "shop": null, "religion": null, "name": null, "amenity": null, "building:walls": null, "building:use": null, "building:structure": null, "building:roof": null, "building:levels": null, "Tinggi": 3.0, "Dusun": "Kulon" }, "geometry": { "type": "MultiPolygon", "coordinates": [ [ [ [ 110.3609274, -7.7306633 ], [ 110.3609503, -7.7306091 ], [ 110.3610232, -7.7306394 ], [ 110.3610003, -7.7306935 ], [ 110.3609274, -7.7306633 ] ] ] ] } },
{ "type": "Feature", "properties": { "full_id": "w363428813", "osm_id": "363428813", "osm_type": "way", "building": "yes", "phone": null, "height": null, "architect": null, "addr:suburb": null, "addr:street": null, "addr:province": null, "addr:postcode": null, "addr:place": null, "addr:housenumber": null, "addr:country": null, "addr:city": null, "shop": null, "religion": null, "name": null, "amenity": null, "building:walls": null, "building:use": null, "building:structure": null, "building:roof": null, "building:levels": null, "Tinggi": 3.0, "Dusun": "Kulon" }, "geometry": { "type": "MultiPolygon", "coordinates": [ [ [ [ 110.3602308, -7.7302322 ], [ 110.3602533, -7.7301555 ], [ 110.3603855, -7.7301936 ], [ 110.360363, -7.7302703 ], [ 110.3602308, -7.7302322 ] ] ] ] } },
{ "type": "Feature", "properties": { "full_id": "w363428816", "osm_id": "363428816", "osm_type": "way", "building": "yes", "phone": null, "height": null, "architect": null, "addr:suburb": null, "addr:street": null, "addr:province": null, "addr:postcode": null, "addr:place": null, "addr:housenumber": null, "addr:country": null, "addr:city": null, "shop": null, "religion": null, "name": null, "amenity": null, "building:walls": null, "building:use": null, "building:structure": null, "building:roof": null, "building:levels": null, "Tinggi": 3.0, "Dusun": "Kulon" }, "geometry": { "type": "MultiPolygon", "coordinates": [ [ [ [ 110.3612388, -7.7301053 ], [ 110.3612556, -7.7300582 ], [ 110.3613347, -7.7300859 ], [ 110.3613179, -7.730133 ], [ 110.3612388, -7.7301053 ] ] ] ] } },
{ "type": "Feature", "properties": { "full_id": "w363428820", "osm_id": "363428820", "osm_type": "way", "building": "yes", "phone": null, "height": null, "architect": null, "addr:suburb": null, "addr:street": null, "addr:province": null, "addr:postcode": null, "addr:place": null, "addr:housenumber": null, "addr:country": null, "addr:city": null, "shop": null, "religion": null, "name": null, "amenity": null, "building:walls": null, "building:use": null, "building:structure": null, "building:roof": null, "building:levels": null, "Tinggi": 3.0, "Dusun": "Kulon" }, "geometry": { "type": "MultiPolygon", "coordinates": [ [ [ [ 110.3606229, -7.7292789 ], [ 110.3606421, -7.7292288 ], [ 110.3607579, -7.7292723 ], [ 110.3607387, -7.7293225 ], [ 110.3606229, -7.7292789 ] ] ] ] } },
{ "type": "Feature", "properties": { "full_id": "w363428825", "osm_id": "363428825", "osm_type": "way", "building": "yes", "phone": null, "height": null, "architect": null, "addr:suburb": null, "addr:street": null, "addr:province": null, "addr:postcode": null, "addr:place": null, "addr:housenumber": null, "addr:country": null, "addr:city": null, "shop": null, "religion": null, "name": null, "amenity": null, "building:walls": null, "building:use": null, "building:structure": null, "building:roof": null, "building:levels": null, "Tinggi": 3.0, "Dusun": "Kulon" }, "geometry": { "type": "MultiPolygon", "coordinates": [ [ [ [ 110.3609975, -7.7293612 ], [ 110.361005, -7.7292883 ], [ 110.3610913, -7.729297 ], [ 110.3610838, -7.7293699 ], [ 110.3609975, -7.7293612 ] ] ] ] } },
{ "type": "Feature", "properties": { "full_id": "w363428826", "osm_id": "363428826", "osm_type": "way", "building": "yes", "phone": null, "height": null, "architect": null, "addr:suburb": null, "addr:street": null, "addr:province": null, "addr:postcode": null, "addr:place": null, "addr:housenumber": null, "addr:country": null, "addr:city": null, "shop": null, "religion": null, "name": null, "amenity": null, "building:walls": null, "building:use": null, "building:structure": null, "building:roof": null, "building:levels": null, "Tinggi": 3.0, "Dusun": "Kulon" }, "geometry": { "type": "MultiPolygon", "coordinates": [ [ [ [ 110.3618763, -7.7292184 ], [ 110.3619644, -7.7292591 ], [ 110.3619316, -7.7293287 ], [ 110.3618435, -7.729288 ], [ 110.3618763, -7.7292184 ] ] ] ] } },
{ "type": "Feature", "properties": { "full_id": "w363428828", "osm_id": "363428828", "osm_type": "way", "building": "yes", "phone": null, "height": null, "architect": null, "addr:suburb": null, "addr:street": null, "addr:province": null, "addr:postcode": null, "addr:place": null, "addr:housenumber": null, "addr:country": null, "addr:city": null, "shop": null, "religion": null, "name": null, "amenity": null, "building:walls": null, "building:use": null, "building:structure": null, "building:roof": null, "building:levels": null, "Tinggi": 3.0, "Dusun": "Kulon" }, "geometry": { "type": "MultiPolygon", "coordinates": [ [ [ [ 110.3608754, -7.7308234 ], [ 110.3608956, -7.7307859 ], [ 110.3609391, -7.7308089 ], [ 110.3609189, -7.7308463 ], [ 110.3608754, -7.7308234 ] ] ] ] } },
{ "type": "Feature", "properties": { "full_id": "w363428831", "osm_id": "363428831", "osm_type": "way", "building": "yes", "phone": null, "height": null, "architect": null, "addr:suburb": null, "addr:street": null, "addr:province": null, "addr:postcode": null, "addr:place": null, "addr:housenumber": null, "addr:country": null, "addr:city": null, "shop": null, "religion": null, "name": null, "amenity": null, "building:walls": null, "building:use": null, "building:structure": null, "building:roof": null, "building:levels": null, "Tinggi": 3.0, "Dusun": "Kulon" }, "geometry": { "type": "MultiPolygon", "coordinates": [ [ [ [ 110.3611916, -7.7281598 ], [ 110.3612118, -7.7280614 ], [ 110.3613452, -7.7280883 ], [ 110.361325, -7.7281867 ], [ 110.3611916, -7.7281598 ] ] ] ] } },
{ "type": "Feature", "properties": { "full_id": "w363431271", "osm_id": "363431271", "osm_type": "way", "building": "yes", "phone": null, "height": null, "architect": null, "addr:suburb": null, "addr:street": null, "addr:province": null, "addr:postcode": null, "addr:place": null, "addr:housenumber": null, "addr:country": null, "addr:city": null, "shop": null, "religion": null, "name": null, "amenity": null, "building:walls": null, "building:use": null, "building:structure": null, "building:roof": null, "building:levels": null, "Tinggi": 3.0, "Dusun": "Kulon" }, "geometry": { "type": "MultiPolygon", "coordinates": [ [ [ [ 110.3606175, -7.7288932 ], [ 110.3606326, -7.7288507 ], [ 110.3607083, -7.728877 ], [ 110.3606932, -7.7289195 ], [ 110.3606175, -7.7288932 ] ] ] ] } },
{ "type": "Feature", "properties": { "full_id": "w363431272", "osm_id": "363431272", "osm_type": "way", "building": "yes", "phone": null, "height": null, "architect": null, "addr:suburb": null, "addr:street": null, "addr:province": null, "addr:postcode": null, "addr:place": null, "addr:housenumber": null, "addr:country": null, "addr:city": null, "shop": null, "religion": null, "name": null, "amenity": null, "building:walls": null, "building:use": null, "building:structure": null, "building:roof": null, "building:levels": null, "Tinggi": 3.0, "Dusun": "Kulon" }, "geometry": { "type": "MultiPolygon", "coordinates": [ [ [ [ 110.3618152, -7.727324 ], [ 110.3618924, -7.7273326 ], [ 110.361882, -7.7274244 ], [ 110.3618048, -7.7274159 ], [ 110.3618152, -7.727324 ] ] ] ] } },
{ "type": "Feature", "properties": { "full_id": "w363431274", "osm_id": "363431274", "osm_type": "way", "building": "yes", "phone": null, "height": null, "architect": null, "addr:suburb": null, "addr:street": null, "addr:province": null, "addr:postcode": null, "addr:place": null, "addr:housenumber": null, "addr:country": null, "addr:city": null, "shop": null, "religion": null, "name": null, "amenity": null, "building:walls": null, "building:use": null, "building:structure": null, "building:roof": null, "building:levels": null, "Tinggi": 3.0, "Dusun": "Kulon" }, "geometry": { "type": "MultiPolygon", "coordinates": [ [ [ [ 110.3616247, -7.7261059 ], [ 110.3616621, -7.7260523 ], [ 110.36177, -7.7261262 ], [ 110.3617326, -7.7261798 ], [ 110.3616247, -7.7261059 ] ] ] ] } },
{ "type": "Feature", "properties": { "full_id": "w363431275", "osm_id": "363431275", "osm_type": "way", "building": "yes", "phone": null, "height": null, "architect": null, "addr:suburb": null, "addr:street": null, "addr:province": null, "addr:postcode": null, "addr:place": null, "addr:housenumber": null, "addr:country": null, "addr:city": null, "shop": null, "religion": null, "name": null, "amenity": null, "building:walls": null, "building:use": null, "building:structure": null, "building:roof": null, "building:levels": null, "Tinggi": 3.0, "Dusun": "Kulon" }, "geometry": { "type": "MultiPolygon", "coordinates": [ [ [ [ 110.3614339, -7.7257377 ], [ 110.3614589, -7.7256898 ], [ 110.3615268, -7.7257247 ], [ 110.3615018, -7.7257725 ], [ 110.3614339, -7.7257377 ] ] ] ] } },
{ "type": "Feature", "properties": { "full_id": "w363431277", "osm_id": "363431277", "osm_type": "way", "building": "yes", "phone": null, "height": null, "architect": null, "addr:suburb": null, "addr:street": null, "addr:province": null, "addr:postcode": null, "addr:place": null, "addr:housenumber": null, "addr:country": null, "addr:city": null, "shop": null, "religion": null, "name": null, "amenity": null, "building:walls": null, "building:use": null, "building:structure": null, "building:roof": null, "building:levels": null, "Tinggi": 3.0, "Dusun": "Kulon" }, "geometry": { "type": "MultiPolygon", "coordinates": [ [ [ [ 110.3615452, -7.7274404 ], [ 110.3616193, -7.7274604 ], [ 110.3615969, -7.7275419 ], [ 110.3615228, -7.7275219 ], [ 110.3615452, -7.7274404 ] ] ] ] } },
{ "type": "Feature", "properties": { "full_id": "w363431278", "osm_id": "363431278", "osm_type": "way", "building": "yes", "phone": null, "height": null, "architect": null, "addr:suburb": null, "addr:street": null, "addr:province": null, "addr:postcode": null, "addr:place": null, "addr:housenumber": null, "addr:country": null, "addr:city": null, "shop": null, "religion": null, "name": null, "amenity": null, "building:walls": null, "building:use": null, "building:structure": null, "building:roof": null, "building:levels": null, "Tinggi": 3.0, "Dusun": "Kulon" }, "geometry": { "type": "MultiPolygon", "coordinates": [ [ [ [ 110.3599135, -7.7297479 ], [ 110.3599595, -7.7297546 ], [ 110.3599437, -7.729861 ], [ 110.3598977, -7.7298542 ], [ 110.3599135, -7.7297479 ] ] ] ] } },
{ "type": "Feature", "properties": { "full_id": "w363431282", "osm_id": "363431282", "osm_type": "way", "building": "yes", "phone": null, "height": null, "architect": null, "addr:suburb": null, "addr:street": null, "addr:province": null, "addr:postcode": null, "addr:place": null, "addr:housenumber": null, "addr:country": null, "addr:city": null, "shop": null, "religion": null, "name": null, "amenity": null, "building:walls": null, "building:use": null, "building:structure": null, "building:roof": null, "building:levels": null, "Tinggi": 3.0, "Dusun": "Kulon" }, "geometry": { "type": "MultiPolygon", "coordinates": [ [ [ [ 110.3609282, -7.7278616 ], [ 110.3609441, -7.7278238 ], [ 110.3610456, -7.7278658 ], [ 110.3610297, -7.7279036 ], [ 110.3609282, -7.7278616 ] ] ] ] } },
{ "type": "Feature", "properties": { "full_id": "w363431285", "osm_id": "363431285", "osm_type": "way", "building": "yes", "phone": null, "height": null, "architect": null, "addr:suburb": null, "addr:street": null, "addr:province": null, "addr:postcode": null, "addr:place": null, "addr:housenumber": null, "addr:country": null, "addr:city": null, "shop": null, "religion": null, "name": null, "amenity": null, "building:walls": null, "building:use": null, "building:structure": null, "building:roof": null, "building:levels": null, "Tinggi": 3.0, "Dusun": "Kulon" }, "geometry": { "type": "MultiPolygon", "coordinates": [ [ [ [ 110.3605043, -7.7289608 ], [ 110.3605426, -7.7288922 ], [ 110.3606579, -7.7289554 ], [ 110.3606195, -7.729024 ], [ 110.3605043, -7.7289608 ] ] ] ] } },
{ "type": "Feature", "properties": { "full_id": "w363431288", "osm_id": "363431288", "osm_type": "way", "building": "yes", "phone": null, "height": null, "architect": null, "addr:suburb": null, "addr:street": null, "addr:province": null, "addr:postcode": null, "addr:place": null, "addr:housenumber": null, "addr:country": null, "addr:city": null, "shop": null, "religion": null, "name": null, "amenity": null, "building:walls": null, "building:use": null, "building:structure": null, "building:roof": null, "building:levels": null, "Tinggi": 3.0, "Dusun": "Kulon" }, "geometry": { "type": "MultiPolygon", "coordinates": [ [ [ [ 110.3610017, -7.7273831 ], [ 110.3610287, -7.7273112 ], [ 110.3612044, -7.7273761 ], [ 110.3611774, -7.727448 ], [ 110.3610017, -7.7273831 ] ] ] ] } },
{ "type": "Feature", "properties": { "full_id": "w363431289", "osm_id": "363431289", "osm_type": "way", "building": "yes", "phone": null, "height": null, "architect": null, "addr:suburb": null, "addr:street": null, "addr:province": null, "addr:postcode": null, "addr:place": null, "addr:housenumber": null, "addr:country": null, "addr:city": null, "shop": null, "religion": null, "name": null, "amenity": null, "building:walls": null, "building:use": null, "building:structure": null, "building:roof": null, "building:levels": null, "Tinggi": 3.0, "Dusun": "Kulon" }, "geometry": { "type": "MultiPolygon", "coordinates": [ [ [ [ 110.3613812, -7.7260517 ], [ 110.361397, -7.7260112 ], [ 110.3615856, -7.7260834 ], [ 110.3615698, -7.7261239 ], [ 110.3613812, -7.7260517 ] ] ] ] } },
{ "type": "Feature", "properties": { "full_id": "w363431292", "osm_id": "363431292", "osm_type": "way", "building": "yes", "phone": null, "height": null, "architect": null, "addr:suburb": null, "addr:street": null, "addr:province": null, "addr:postcode": null, "addr:place": null, "addr:housenumber": null, "addr:country": null, "addr:city": null, "shop": null, "religion": null, "name": null, "amenity": null, "building:walls": null, "building:use": null, "building:structure": null, "building:roof": null, "building:levels": null, "Tinggi": 3.0, "Dusun": "Kulon" }, "geometry": { "type": "MultiPolygon", "coordinates": [ [ [ [ 110.361363, -7.7274317 ], [ 110.3613856, -7.7273657 ], [ 110.3614727, -7.727395 ], [ 110.3614501, -7.727461 ], [ 110.361363, -7.7274317 ] ] ] ] } },
{ "type": "Feature", "properties": { "full_id": "w363431293", "osm_id": "363431293", "osm_type": "way", "building": "yes", "phone": null, "height": null, "architect": null, "addr:suburb": null, "addr:street": null, "addr:province": null, "addr:postcode": null, "addr:place": null, "addr:housenumber": null, "addr:country": null, "addr:city": null, "shop": null, "religion": null, "name": null, "amenity": null, "building:walls": null, "building:use": null, "building:structure": null, "building:roof": null, "building:levels": null, "Tinggi": 3.0, "Dusun": "Kulon" }, "geometry": { "type": "MultiPolygon", "coordinates": [ [ [ [ 110.3615943, -7.7268788 ], [ 110.3616276, -7.7267743 ], [ 110.3617211, -7.7268036 ], [ 110.3616877, -7.7269081 ], [ 110.3615943, -7.7268788 ] ] ] ] } },
{ "type": "Feature", "properties": { "full_id": "w363431298", "osm_id": "363431298", "osm_type": "way", "building": "yes", "phone": null, "height": null, "architect": null, "addr:suburb": null, "addr:street": null, "addr:province": null, "addr:postcode": null, "addr:place": null, "addr:housenumber": null, "addr:country": null, "addr:city": null, "shop": null, "religion": null, "name": null, "amenity": null, "building:walls": null, "building:use": null, "building:structure": null, "building:roof": null, "building:levels": null, "Tinggi": 3.0, "Dusun": "Kulon" }, "geometry": { "type": "MultiPolygon", "coordinates": [ [ [ [ 110.3614161, -7.7265337 ], [ 110.3614374, -7.7264879 ], [ 110.3615381, -7.7265339 ], [ 110.3615168, -7.7265796 ], [ 110.3614161, -7.7265337 ] ] ] ] } },
{ "type": "Feature", "properties": { "full_id": "w363431302", "osm_id": "363431302", "osm_type": "way", "building": "yes", "phone": null, "height": null, "architect": null, "addr:suburb": null, "addr:street": null, "addr:province": null, "addr:postcode": null, "addr:place": null, "addr:housenumber": null, "addr:country": null, "addr:city": null, "shop": null, "religion": null, "name": null, "amenity": null, "building:walls": null, "building:use": null, "building:structure": null, "building:roof": null, "building:levels": null, "Tinggi": 3.0, "Dusun": "Kulon" }, "geometry": { "type": "MultiPolygon", "coordinates": [ [ [ [ 110.361827, -7.7269712 ], [ 110.3618397, -7.7268859 ], [ 110.3619357, -7.7268999 ], [ 110.361923, -7.7269852 ], [ 110.361827, -7.7269712 ] ] ] ] } },
{ "type": "Feature", "properties": { "full_id": "w363431306", "osm_id": "363431306", "osm_type": "way", "building": "yes", "phone": null, "height": null, "architect": null, "addr:suburb": null, "addr:street": null, "addr:province": null, "addr:postcode": null, "addr:place": null, "addr:housenumber": null, "addr:country": null, "addr:city": null, "shop": null, "religion": null, "name": null, "amenity": null, "building:walls": null, "building:use": null, "building:structure": null, "building:roof": null, "building:levels": null, "Tinggi": 3.0, "Dusun": "Kulon" }, "geometry": { "type": "MultiPolygon", "coordinates": [ [ [ [ 110.3616416, -7.7255414 ], [ 110.361713, -7.72542 ], [ 110.3618089, -7.7254754 ], [ 110.3617375, -7.7255968 ], [ 110.3616416, -7.7255414 ] ] ] ] } },
{ "type": "Feature", "properties": { "full_id": "w363431307", "osm_id": "363431307", "osm_type": "way", "building": "yes", "phone": null, "height": null, "architect": null, "addr:suburb": null, "addr:street": null, "addr:province": null, "addr:postcode": null, "addr:place": null, "addr:housenumber": null, "addr:country": null, "addr:city": null, "shop": null, "religion": null, "name": null, "amenity": null, "building:walls": null, "building:use": null, "building:structure": null, "building:roof": null, "building:levels": null, "Tinggi": 3.0, "Dusun": "Kulon" }, "geometry": { "type": "MultiPolygon", "coordinates": [ [ [ [ 110.3608731, -7.7279748 ], [ 110.3608918, -7.7279325 ], [ 110.3609701, -7.7279665 ], [ 110.3609514, -7.7280089 ], [ 110.3608731, -7.7279748 ] ] ] ] } },
{ "type": "Feature", "properties": { "full_id": "w363431310", "osm_id": "363431310", "osm_type": "way", "building": "yes", "phone": null, "height": null, "architect": null, "addr:suburb": null, "addr:street": null, "addr:province": null, "addr:postcode": null, "addr:place": null, "addr:housenumber": null, "addr:country": null, "addr:city": null, "shop": null, "religion": null, "name": null, "amenity": null, "building:walls": null, "building:use": null, "building:structure": null, "building:roof": null, "building:levels": null, "Tinggi": 3.0, "Dusun": "Kulon" }, "geometry": { "type": "MultiPolygon", "coordinates": [ [ [ [ 110.3603038, -7.7297149 ], [ 110.3603141, -7.7296856 ], [ 110.3603706, -7.7297052 ], [ 110.3603603, -7.7297345 ], [ 110.3603038, -7.7297149 ] ] ] ] } },
{ "type": "Feature", "properties": { "full_id": "w363431311", "osm_id": "363431311", "osm_type": "way", "building": "yes", "phone": null, "height": null, "architect": null, "addr:suburb": null, "addr:street": null, "addr:province": null, "addr:postcode": null, "addr:place": null, "addr:housenumber": null, "addr:country": null, "addr:city": null, "shop": null, "religion": null, "name": null, "amenity": null, "building:walls": null, "building:use": null, "building:structure": null, "building:roof": null, "building:levels": null, "Tinggi": 3.0, "Dusun": "Kulon" }, "geometry": { "type": "MultiPolygon", "coordinates": [ [ [ [ 110.360875, -7.7281599 ], [ 110.360943, -7.7281773 ], [ 110.3609151, -7.7282849 ], [ 110.360847, -7.7282676 ], [ 110.360875, -7.7281599 ] ] ] ] } },
{ "type": "Feature", "properties": { "full_id": "w363431312", "osm_id": "363431312", "osm_type": "way", "building": "yes", "phone": null, "height": null, "architect": null, "addr:suburb": null, "addr:street": null, "addr:province": null, "addr:postcode": null, "addr:place": null, "addr:housenumber": null, "addr:country": null, "addr:city": null, "shop": null, "religion": null, "name": null, "amenity": null, "building:walls": null, "building:use": null, "building:structure": null, "building:roof": null, "building:levels": null, "Tinggi": 3.0, "Dusun": "Kulon" }, "geometry": { "type": "MultiPolygon", "coordinates": [ [ [ [ 110.3609561, -7.7276461 ], [ 110.3609894, -7.7275617 ], [ 110.3610997, -7.7276045 ], [ 110.3610664, -7.7276888 ], [ 110.3609561, -7.7276461 ] ] ] ] } },
{ "type": "Feature", "properties": { "full_id": "w363431314", "osm_id": "363431314", "osm_type": "way", "building": "yes", "phone": null, "height": null, "architect": null, "addr:suburb": null, "addr:street": null, "addr:province": null, "addr:postcode": null, "addr:place": null, "addr:housenumber": null, "addr:country": null, "addr:city": null, "shop": null, "religion": null, "name": null, "amenity": null, "building:walls": null, "building:use": null, "building:structure": null, "building:roof": null, "building:levels": null, "Tinggi": 3.0, "Dusun": "Kulon" }, "geometry": { "type": "MultiPolygon", "coordinates": [ [ [ [ 110.3599564, -7.7298464 ], [ 110.3599684, -7.7297587 ], [ 110.360039, -7.7297682 ], [ 110.360027, -7.7298559 ], [ 110.3599564, -7.7298464 ] ] ] ] } },
{ "type": "Feature", "properties": { "full_id": "w363431319", "osm_id": "363431319", "osm_type": "way", "building": "yes", "phone": null, "height": null, "architect": null, "addr:suburb": null, "addr:street": null, "addr:province": null, "addr:postcode": null, "addr:place": null, "addr:housenumber": null, "addr:country": null, "addr:city": null, "shop": null, "religion": null, "name": null, "amenity": null, "building:walls": null, "building:use": null, "building:structure": null, "building:roof": null, "building:levels": null, "Tinggi": 3.0, "Dusun": "Kulon" }, "geometry": { "type": "MultiPolygon", "coordinates": [ [ [ [ 110.3605368, -7.7286193 ], [ 110.3605496, -7.7285567 ], [ 110.3606445, -7.7285758 ], [ 110.3606317, -7.7286383 ], [ 110.3605368, -7.7286193 ] ] ] ] } },
{ "type": "Feature", "properties": { "full_id": "w363431321", "osm_id": "363431321", "osm_type": "way", "building": "yes", "phone": null, "height": null, "architect": null, "addr:suburb": null, "addr:street": null, "addr:province": null, "addr:postcode": null, "addr:place": null, "addr:housenumber": null, "addr:country": null, "addr:city": null, "shop": null, "religion": null, "name": null, "amenity": null, "building:walls": null, "building:use": null, "building:structure": null, "building:roof": null, "building:levels": null, "Tinggi": 3.0, "Dusun": "Kulon" }, "geometry": { "type": "MultiPolygon", "coordinates": [ [ [ [ 110.3618842, -7.7265224 ], [ 110.3619031, -7.7264675 ], [ 110.3620387, -7.7265134 ], [ 110.362025, -7.7265457 ], [ 110.3620187, -7.726565 ], [ 110.3618842, -7.7265224 ] ] ] ] } },
{ "type": "Feature", "properties": { "full_id": "w363431322", "osm_id": "363431322", "osm_type": "way", "building": "yes", "phone": null, "height": null, "architect": null, "addr:suburb": null, "addr:street": null, "addr:province": null, "addr:postcode": null, "addr:place": null, "addr:housenumber": null, "addr:country": null, "addr:city": null, "shop": null, "religion": null, "name": null, "amenity": null, "building:walls": null, "building:use": null, "building:structure": null, "building:roof": null, "building:levels": null, "Tinggi": 3.0, "Dusun": "Kulon" }, "geometry": { "type": "MultiPolygon", "coordinates": [ [ [ [ 110.3604893, -7.7287271 ], [ 110.3606113, -7.72876 ], [ 110.3605786, -7.7288793 ], [ 110.3604566, -7.7288463 ], [ 110.3604893, -7.7287271 ] ] ] ] } },
{ "type": "Feature", "properties": { "full_id": "w363431323", "osm_id": "363431323", "osm_type": "way", "building": "yes", "phone": null, "height": null, "architect": null, "addr:suburb": null, "addr:street": null, "addr:province": null, "addr:postcode": null, "addr:place": null, "addr:housenumber": null, "addr:country": null, "addr:city": null, "shop": null, "religion": null, "name": null, "amenity": null, "building:walls": null, "building:use": null, "building:structure": null, "building:roof": null, "building:levels": null, "Tinggi": 3.0, "Dusun": "Kulon" }, "geometry": { "type": "MultiPolygon", "coordinates": [ [ [ [ 110.3617808, -7.7275021 ], [ 110.3617878, -7.7274216 ], [ 110.3618805, -7.7274296 ], [ 110.3618735, -7.7275101 ], [ 110.3617808, -7.7275021 ] ] ] ] } },
{ "type": "Feature", "properties": { "full_id": "w363431324", "osm_id": "363431324", "osm_type": "way", "building": "yes", "phone": null, "height": null, "architect": null, "addr:suburb": null, "addr:street": null, "addr:province": null, "addr:postcode": null, "addr:place": null, "addr:housenumber": null, "addr:country": null, "addr:city": null, "shop": null, "religion": null, "name": null, "amenity": null, "building:walls": null, "building:use": null, "building:structure": null, "building:roof": null, "building:levels": null, "Tinggi": 3.0, "Dusun": "Kulon" }, "geometry": { "type": "MultiPolygon", "coordinates": [ [ [ [ 110.3609575, -7.7271519 ], [ 110.3610129, -7.7271769 ], [ 110.3609689, -7.7272727 ], [ 110.3609135, -7.7272477 ], [ 110.3609575, -7.7271519 ] ] ] ] } },
{ "type": "Feature", "properties": { "full_id": "w363431326", "osm_id": "363431326", "osm_type": "way", "building": "yes", "phone": null, "height": null, "architect": null, "addr:suburb": null, "addr:street": null, "addr:province": null, "addr:postcode": null, "addr:place": null, "addr:housenumber": null, "addr:country": null, "addr:city": null, "shop": null, "religion": null, "name": null, "amenity": null, "building:walls": null, "building:use": null, "building:structure": null, "building:roof": null, "building:levels": null, "Tinggi": 3.0, "Dusun": "Kulon" }, "geometry": { "type": "MultiPolygon", "coordinates": [ [ [ [ 110.3616639, -7.7257315 ], [ 110.3617334, -7.7256255 ], [ 110.3618133, -7.725677 ], [ 110.3617438, -7.7257829 ], [ 110.3616639, -7.7257315 ] ] ] ] } },
{ "type": "Feature", "properties": { "full_id": "w363431328", "osm_id": "363431328", "osm_type": "way", "building": "yes", "phone": null, "height": null, "architect": null, "addr:suburb": null, "addr:street": null, "addr:province": null, "addr:postcode": null, "addr:place": null, "addr:housenumber": null, "addr:country": null, "addr:city": null, "shop": null, "religion": null, "name": null, "amenity": null, "building:walls": null, "building:use": null, "building:structure": null, "building:roof": null, "building:levels": null, "Tinggi": 3.0, "Dusun": "Kulon" }, "geometry": { "type": "MultiPolygon", "coordinates": [ [ [ [ 110.3615729, -7.7261489 ], [ 110.3616281, -7.7261715 ], [ 110.3615626, -7.7263287 ], [ 110.3615074, -7.7263062 ], [ 110.3615729, -7.7261489 ] ] ] ] } },
{ "type": "Feature", "properties": { "full_id": "w363431331", "osm_id": "363431331", "osm_type": "way", "building": "yes", "phone": null, "height": null, "architect": null, "addr:suburb": null, "addr:street": null, "addr:province": null, "addr:postcode": null, "addr:place": null, "addr:housenumber": null, "addr:country": null, "addr:city": null, "shop": null, "religion": null, "name": null, "amenity": null, "building:walls": null, "building:use": null, "building:structure": null, "building:roof": null, "building:levels": null, "Tinggi": 3.0, "Dusun": "Kulon" }, "geometry": { "type": "MultiPolygon", "coordinates": [ [ [ [ 110.3615524, -7.7275512 ], [ 110.3616472, -7.727576 ], [ 110.3616137, -7.7277019 ], [ 110.3615188, -7.7276771 ], [ 110.3615524, -7.7275512 ] ] ] ] } },
{ "type": "Feature", "properties": { "full_id": "w363431332", "osm_id": "363431332", "osm_type": "way", "building": "yes", "phone": null, "height": null, "architect": null, "addr:suburb": null, "addr:street": null, "addr:province": null, "addr:postcode": null, "addr:place": null, "addr:housenumber": null, "addr:country": null, "addr:city": null, "shop": null, "religion": null, "name": null, "amenity": null, "building:walls": null, "building:use": null, "building:structure": null, "building:roof": null, "building:levels": null, "Tinggi": 3.0, "Dusun": "Kulon" }, "geometry": { "type": "MultiPolygon", "coordinates": [ [ [ [ 110.3616278, -7.726654 ], [ 110.3616685, -7.7265018 ], [ 110.3617923, -7.7265342 ], [ 110.3617516, -7.7266865 ], [ 110.3616278, -7.726654 ] ] ] ] } },
{ "type": "Feature", "properties": { "full_id": "w363431334", "osm_id": "363431334", "osm_type": "way", "building": "yes", "phone": null, "height": null, "architect": null, "addr:suburb": null, "addr:street": null, "addr:province": null, "addr:postcode": null, "addr:place": null, "addr:housenumber": null, "addr:country": null, "addr:city": null, "shop": null, "religion": null, "name": null, "amenity": null, "building:walls": null, "building:use": null, "building:structure": null, "building:roof": null, "building:levels": null, "Tinggi": 3.0, "Dusun": "Kulon" }, "geometry": { "type": "MultiPolygon", "coordinates": [ [ [ [ 110.3602515, -7.7294156 ], [ 110.3603045, -7.7294408 ], [ 110.3602769, -7.7294979 ], [ 110.3602238, -7.7294727 ], [ 110.3602515, -7.7294156 ] ] ] ] } },
{ "type": "Feature", "properties": { "full_id": "w363431336", "osm_id": "363431336", "osm_type": "way", "building": "yes", "phone": null, "height": null, "architect": null, "addr:suburb": null, "addr:street": null, "addr:province": null, "addr:postcode": null, "addr:place": null, "addr:housenumber": null, "addr:country": null, "addr:city": null, "shop": null, "religion": null, "name": null, "amenity": null, "building:walls": null, "building:use": null, "building:structure": null, "building:roof": null, "building:levels": null, "Tinggi": 3.0, "Dusun": "Kulon" }, "geometry": { "type": "MultiPolygon", "coordinates": [ [ [ [ 110.3610033, -7.7279044 ], [ 110.3610617, -7.7279259 ], [ 110.3610129, -7.7280557 ], [ 110.3609546, -7.7280342 ], [ 110.3610033, -7.7279044 ] ] ] ] } },
{ "type": "Feature", "properties": { "full_id": "w363431337", "osm_id": "363431337", "osm_type": "way", "building": "yes", "phone": null, "height": null, "architect": null, "addr:suburb": null, "addr:street": null, "addr:province": null, "addr:postcode": null, "addr:place": null, "addr:housenumber": null, "addr:country": null, "addr:city": null, "shop": null, "religion": null, "name": null, "amenity": null, "building:walls": null, "building:use": null, "building:structure": null, "building:roof": null, "building:levels": null, "Tinggi": 3.0, "Dusun": "Kulon" }, "geometry": { "type": "MultiPolygon", "coordinates": [ [ [ [ 110.360162, -7.7296858 ], [ 110.360193, -7.7296904 ], [ 110.3601744, -7.7298119 ], [ 110.3601434, -7.7298072 ], [ 110.360162, -7.7296858 ] ] ] ] } },
{ "type": "Feature", "properties": { "full_id": "w363431338", "osm_id": "363431338", "osm_type": "way", "building": "yes", "phone": null, "height": null, "architect": null, "addr:suburb": null, "addr:street": null, "addr:province": null, "addr:postcode": null, "addr:place": null, "addr:housenumber": null, "addr:country": null, "addr:city": null, "shop": null, "religion": null, "name": null, "amenity": null, "building:walls": null, "building:use": null, "building:structure": null, "building:roof": null, "building:levels": null, "Tinggi": 3.0, "Dusun": "Kulon" }, "geometry": { "type": "MultiPolygon", "coordinates": [ [ [ [ 110.3618132, -7.7255281 ], [ 110.3618349, -7.7254963 ], [ 110.361894, -7.7255359 ], [ 110.3618724, -7.7255676 ], [ 110.3618132, -7.7255281 ] ] ] ] } },
{ "type": "Feature", "properties": { "full_id": "w363431340", "osm_id": "363431340", "osm_type": "way", "building": "yes", "phone": null, "height": null, "architect": null, "addr:suburb": null, "addr:street": null, "addr:province": null, "addr:postcode": null, "addr:place": null, "addr:housenumber": null, "addr:country": null, "addr:city": null, "shop": null, "religion": null, "name": null, "amenity": null, "building:walls": null, "building:use": null, "building:structure": null, "building:roof": null, "building:levels": null, "Tinggi": 3.0, "Dusun": "Kulon" }, "geometry": { "type": "MultiPolygon", "coordinates": [ [ [ [ 110.3608775, -7.7274619 ], [ 110.3609022, -7.7273997 ], [ 110.3610076, -7.7274408 ], [ 110.3609829, -7.727503 ], [ 110.3608775, -7.7274619 ] ] ] ] } },
{ "type": "Feature", "properties": { "full_id": "w363431342", "osm_id": "363431342", "osm_type": "way", "building": "yes", "phone": null, "height": null, "architect": null, "addr:suburb": null, "addr:street": null, "addr:province": null, "addr:postcode": null, "addr:place": null, "addr:housenumber": null, "addr:country": null, "addr:city": null, "shop": null, "religion": null, "name": null, "amenity": null, "building:walls": null, "building:use": null, "building:structure": null, "building:roof": null, "building:levels": null, "Tinggi": 3.0, "Dusun": "Kulon" }, "geometry": { "type": "MultiPolygon", "coordinates": [ [ [ [ 110.3615922, -7.725828 ], [ 110.3616654, -7.7258697 ], [ 110.3616287, -7.725933 ], [ 110.3615555, -7.7258913 ], [ 110.3615922, -7.725828 ] ] ] ] } },
{ "type": "Feature", "properties": { "full_id": "w363431345", "osm_id": "363431345", "osm_type": "way", "building": "yes", "phone": null, "height": null, "architect": null, "addr:suburb": null, "addr:street": null, "addr:province": null, "addr:postcode": null, "addr:place": null, "addr:housenumber": null, "addr:country": null, "addr:city": null, "shop": null, "religion": null, "name": null, "amenity": null, "building:walls": null, "building:use": null, "building:structure": null, "building:roof": null, "building:levels": null, "Tinggi": 3.0, "Dusun": "Kulon" }, "geometry": { "type": "MultiPolygon", "coordinates": [ [ [ [ 110.361762, -7.7267181 ], [ 110.3618281, -7.7267356 ], [ 110.3617986, -7.7268456 ], [ 110.3617325, -7.7268282 ], [ 110.361762, -7.7267181 ] ] ] ] } },
{ "type": "Feature", "properties": { "full_id": "w363431349", "osm_id": "363431349", "osm_type": "way", "building": "yes", "phone": null, "height": null, "architect": null, "addr:suburb": null, "addr:street": null, "addr:province": null, "addr:postcode": null, "addr:place": null, "addr:housenumber": null, "addr:country": null, "addr:city": null, "shop": null, "religion": null, "name": null, "amenity": null, "building:walls": null, "building:use": null, "building:structure": null, "building:roof": null, "building:levels": null, "Tinggi": 3.0, "Dusun": "Kulon" }, "geometry": { "type": "MultiPolygon", "coordinates": [ [ [ [ 110.3607489, -7.7286238 ], [ 110.3607999, -7.7286228 ], [ 110.3608021, -7.7287353 ], [ 110.3607512, -7.7287363 ], [ 110.3607489, -7.7286238 ] ] ] ] } },
{ "type": "Feature", "properties": { "full_id": "w363431353", "osm_id": "363431353", "osm_type": "way", "building": "yes", "phone": null, "height": null, "architect": null, "addr:suburb": null, "addr:street": null, "addr:province": null, "addr:postcode": null, "addr:place": null, "addr:housenumber": null, "addr:country": null, "addr:city": null, "shop": null, "religion": null, "name": null, "amenity": null, "building:walls": null, "building:use": null, "building:structure": null, "building:roof": null, "building:levels": null, "Tinggi": 3.0, "Dusun": "Kulon" }, "geometry": { "type": "MultiPolygon", "coordinates": [ [ [ [ 110.3614441, -7.7264767 ], [ 110.3614636, -7.7264252 ], [ 110.3615635, -7.7264624 ], [ 110.361544, -7.7265139 ], [ 110.3614441, -7.7264767 ] ] ] ] } },
{ "type": "Feature", "properties": { "full_id": "w363431360", "osm_id": "363431360", "osm_type": "way", "building": "yes", "phone": null, "height": null, "architect": null, "addr:suburb": null, "addr:street": null, "addr:province": null, "addr:postcode": null, "addr:place": null, "addr:housenumber": null, "addr:country": null, "addr:city": null, "shop": null, "religion": null, "name": null, "amenity": null, "building:walls": null, "building:use": null, "building:structure": null, "building:roof": null, "building:levels": null, "Tinggi": 3.0, "Dusun": "Kulon" }, "geometry": { "type": "MultiPolygon", "coordinates": [ [ [ [ 110.360297, -7.7291388 ], [ 110.3603227, -7.7290943 ], [ 110.3604125, -7.7291453 ], [ 110.3603868, -7.7291897 ], [ 110.360297, -7.7291388 ] ] ] ] } },
{ "type": "Feature", "properties": { "full_id": "w363431363", "osm_id": "363431363", "osm_type": "way", "building": "yes", "phone": null, "height": null, "architect": null, "addr:suburb": null, "addr:street": null, "addr:province": null, "addr:postcode": null, "addr:place": null, "addr:housenumber": null, "addr:country": null, "addr:city": null, "shop": null, "religion": null, "name": null, "amenity": null, "building:walls": null, "building:use": null, "building:structure": null, "building:roof": null, "building:levels": null, "Tinggi": 3.0, "Dusun": "Kulon" }, "geometry": { "type": "MultiPolygon", "coordinates": [ [ [ [ 110.3602832, -7.7297362 ], [ 110.360373, -7.7297651 ], [ 110.3603516, -7.7298306 ], [ 110.3602617, -7.7298017 ], [ 110.3602832, -7.7297362 ] ] ] ] } },
{ "type": "Feature", "properties": { "full_id": "w363431365", "osm_id": "363431365", "osm_type": "way", "building": "yes", "phone": null, "height": null, "architect": null, "addr:suburb": null, "addr:street": null, "addr:province": null, "addr:postcode": null, "addr:place": null, "addr:housenumber": null, "addr:country": null, "addr:city": null, "shop": null, "religion": null, "name": null, "amenity": null, "building:walls": null, "building:use": null, "building:structure": null, "building:roof": null, "building:levels": null, "Tinggi": 3.0, "Dusun": "Kulon" }, "geometry": { "type": "MultiPolygon", "coordinates": [ [ [ [ 110.3607947, -7.7284006 ], [ 110.3608881, -7.7284268 ], [ 110.3608466, -7.7285724 ], [ 110.3607532, -7.7285462 ], [ 110.3607947, -7.7284006 ] ] ] ] } },
{ "type": "Feature", "properties": { "full_id": "w363431366", "osm_id": "363431366", "osm_type": "way", "building": "yes", "phone": null, "height": null, "architect": null, "addr:suburb": null, "addr:street": null, "addr:province": null, "addr:postcode": null, "addr:place": null, "addr:housenumber": null, "addr:country": null, "addr:city": null, "shop": null, "religion": null, "name": null, "amenity": null, "building:walls": null, "building:use": null, "building:structure": null, "building:roof": null, "building:levels": null, "Tinggi": 3.0, "Dusun": "Kulon" }, "geometry": { "type": "MultiPolygon", "coordinates": [ [ [ [ 110.3602673, -7.7293445 ], [ 110.360284, -7.7292886 ], [ 110.3604274, -7.7293306 ], [ 110.3604108, -7.7293865 ], [ 110.3602673, -7.7293445 ] ] ] ] } },
{ "type": "Feature", "properties": { "full_id": "w363431367", "osm_id": "363431367", "osm_type": "way", "building": "yes", "phone": null, "height": null, "architect": null, "addr:suburb": null, "addr:street": null, "addr:province": null, "addr:postcode": null, "addr:place": null, "addr:housenumber": null, "addr:country": null, "addr:city": null, "shop": null, "religion": null, "name": null, "amenity": null, "building:walls": null, "building:use": null, "building:structure": null, "building:roof": null, "building:levels": null, "Tinggi": 3.0, "Dusun": "Kulon" }, "geometry": { "type": "MultiPolygon", "coordinates": [ [ [ [ 110.3613119, -7.7272108 ], [ 110.3613455, -7.727123 ], [ 110.3614341, -7.7271562 ], [ 110.3614006, -7.7272441 ], [ 110.3613119, -7.7272108 ] ] ] ] } },
{ "type": "Feature", "properties": { "full_id": "w363431368", "osm_id": "363431368", "osm_type": "way", "building": "yes", "phone": null, "height": null, "architect": null, "addr:suburb": null, "addr:street": null, "addr:province": null, "addr:postcode": null, "addr:place": null, "addr:housenumber": null, "addr:country": null, "addr:city": null, "shop": null, "religion": null, "name": null, "amenity": null, "building:walls": null, "building:use": null, "building:structure": null, "building:roof": null, "building:levels": null, "Tinggi": 3.0, "Dusun": "Kulon" }, "geometry": { "type": "MultiPolygon", "coordinates": [ [ [ [ 110.3618092, -7.72619 ], [ 110.3618477, -7.7261947 ], [ 110.3618425, -7.7262359 ], [ 110.361804, -7.7262311 ], [ 110.3618092, -7.72619 ] ] ] ] } },
{ "type": "Feature", "properties": { "full_id": "w363431372", "osm_id": "363431372", "osm_type": "way", "building": "yes", "phone": null, "height": null, "architect": null, "addr:suburb": null, "addr:street": null, "addr:province": null, "addr:postcode": null, "addr:place": null, "addr:housenumber": null, "addr:country": null, "addr:city": null, "shop": null, "religion": null, "name": null, "amenity": null, "building:walls": null, "building:use": null, "building:structure": null, "building:roof": null, "building:levels": null, "Tinggi": 3.0, "Dusun": "Kulon" }, "geometry": { "type": "MultiPolygon", "coordinates": [ [ [ [ 110.3610419, -7.7270015 ], [ 110.3610749, -7.7269175 ], [ 110.3611835, -7.7269595 ], [ 110.3611505, -7.7270435 ], [ 110.3610419, -7.7270015 ] ] ] ] } },
{ "type": "Feature", "properties": { "full_id": "w363431375", "osm_id": "363431375", "osm_type": "way", "building": "yes", "phone": null, "height": null, "architect": null, "addr:suburb": null, "addr:street": null, "addr:province": null, "addr:postcode": null, "addr:place": null, "addr:housenumber": null, "addr:country": null, "addr:city": null, "shop": null, "religion": null, "name": null, "amenity": null, "building:walls": null, "building:use": null, "building:structure": null, "building:roof": null, "building:levels": null, "Tinggi": 3.0, "Dusun": "Kulon" }, "geometry": { "type": "MultiPolygon", "coordinates": [ [ [ [ 110.3614347, -7.7257559 ], [ 110.3614909, -7.725782 ], [ 110.3614669, -7.7258326 ], [ 110.3614108, -7.7258065 ], [ 110.3614347, -7.7257559 ] ] ] ] } },
{ "type": "Feature", "properties": { "full_id": "w363431376", "osm_id": "363431376", "osm_type": "way", "building": "yes", "phone": null, "height": null, "architect": null, "addr:suburb": null, "addr:street": null, "addr:province": null, "addr:postcode": null, "addr:place": null, "addr:housenumber": null, "addr:country": null, "addr:city": null, "shop": null, "religion": null, "name": null, "amenity": null, "building:walls": null, "building:use": null, "building:structure": null, "building:roof": null, "building:levels": null, "Tinggi": 3.0, "Dusun": "Kulon" }, "geometry": { "type": "MultiPolygon", "coordinates": [ [ [ [ 110.3610211, -7.7272028 ], [ 110.3610863, -7.727231 ], [ 110.3610559, -7.7272999 ], [ 110.3609907, -7.7272717 ], [ 110.3610211, -7.7272028 ] ] ] ] } },
{ "type": "Feature", "properties": { "full_id": "w363431379", "osm_id": "363431379", "osm_type": "way", "building": "yes", "phone": null, "height": null, "architect": null, "addr:suburb": null, "addr:street": null, "addr:province": null, "addr:postcode": null, "addr:place": null, "addr:housenumber": null, "addr:country": null, "addr:city": null, "shop": null, "religion": null, "name": null, "amenity": null, "building:walls": null, "building:use": null, "building:structure": null, "building:roof": null, "building:levels": null, "Tinggi": 3.0, "Dusun": "Kulon" }, "geometry": { "type": "MultiPolygon", "coordinates": [ [ [ [ 110.3616135, -7.7258091 ], [ 110.3616504, -7.7257495 ], [ 110.3617351, -7.725801 ], [ 110.3616982, -7.7258605 ], [ 110.3616135, -7.7258091 ] ] ] ] } },
{ "type": "Feature", "properties": { "full_id": "w363431382", "osm_id": "363431382", "osm_type": "way", "building": "yes", "phone": null, "height": null, "architect": null, "addr:suburb": null, "addr:street": null, "addr:province": null, "addr:postcode": null, "addr:place": null, "addr:housenumber": null, "addr:country": null, "addr:city": null, "shop": null, "religion": null, "name": null, "amenity": null, "building:walls": null, "building:use": null, "building:structure": null, "building:roof": null, "building:levels": null, "Tinggi": 3.0, "Dusun": "Kulon" }, "geometry": { "type": "MultiPolygon", "coordinates": [ [ [ [ 110.3615991, -7.7267411 ], [ 110.3616203, -7.7266758 ], [ 110.3617545, -7.7267185 ], [ 110.3617333, -7.7267838 ], [ 110.3615991, -7.7267411 ] ] ] ] } },
{ "type": "Feature", "properties": { "full_id": "w363431384", "osm_id": "363431384", "osm_type": "way", "building": "yes", "phone": null, "height": null, "architect": null, "addr:suburb": null, "addr:street": null, "addr:province": null, "addr:postcode": null, "addr:place": null, "addr:housenumber": null, "addr:country": null, "addr:city": null, "shop": null, "religion": null, "name": null, "amenity": null, "building:walls": null, "building:use": null, "building:structure": null, "building:roof": null, "building:levels": null, "Tinggi": 3.0, "Dusun": "Kulon" }, "geometry": { "type": "MultiPolygon", "coordinates": [ [ [ [ 110.360549, -7.7279843 ], [ 110.3605666, -7.7279165 ], [ 110.3606479, -7.7279372 ], [ 110.3606303, -7.728005 ], [ 110.360549, -7.7279843 ] ] ] ] } },
{ "type": "Feature", "properties": { "full_id": "w363431385", "osm_id": "363431385", "osm_type": "way", "building": "yes", "phone": null, "height": null, "architect": null, "addr:suburb": null, "addr:street": null, "addr:province": null, "addr:postcode": null, "addr:place": null, "addr:housenumber": null, "addr:country": null, "addr:city": null, "shop": null, "religion": null, "name": null, "amenity": null, "building:walls": null, "building:use": null, "building:structure": null, "building:roof": null, "building:levels": null, "Tinggi": 3.0, "Dusun": "Kulon" }, "geometry": { "type": "MultiPolygon", "coordinates": [ [ [ [ 110.3601538, -7.7294284 ], [ 110.3602117, -7.7294544 ], [ 110.3601846, -7.7295138 ], [ 110.3601267, -7.7294878 ], [ 110.3601538, -7.7294284 ] ] ] ] } },
{ "type": "Feature", "properties": { "full_id": "w363431389", "osm_id": "363431389", "osm_type": "way", "building": "yes", "phone": null, "height": null, "architect": null, "addr:suburb": null, "addr:street": null, "addr:province": null, "addr:postcode": null, "addr:place": null, "addr:housenumber": null, "addr:country": null, "addr:city": null, "shop": null, "religion": null, "name": null, "amenity": null, "building:walls": null, "building:use": null, "building:structure": null, "building:roof": null, "building:levels": null, "Tinggi": 3.0, "Dusun": "Kulon" }, "geometry": { "type": "MultiPolygon", "coordinates": [ [ [ [ 110.360808, -7.7286161 ], [ 110.3608515, -7.7286161 ], [ 110.3608515, -7.7286794 ], [ 110.360808, -7.7286794 ], [ 110.360808, -7.7286161 ] ] ] ] } },
{ "type": "Feature", "properties": { "full_id": "w363431390", "osm_id": "363431390", "osm_type": "way", "building": "yes", "phone": null, "height": null, "architect": null, "addr:suburb": null, "addr:street": null, "addr:province": null, "addr:postcode": null, "addr:place": null, "addr:housenumber": null, "addr:country": null, "addr:city": null, "shop": null, "religion": null, "name": null, "amenity": null, "building:walls": null, "building:use": null, "building:structure": null, "building:roof": null, "building:levels": null, "Tinggi": 3.0, "Dusun": "Kulon" }, "geometry": { "type": "MultiPolygon", "coordinates": [ [ [ [ 110.3622211, -7.7277225 ], [ 110.362283, -7.7277305 ], [ 110.3622694, -7.7278342 ], [ 110.3622075, -7.7278262 ], [ 110.3622211, -7.7277225 ] ] ] ] } },
{ "type": "Feature", "properties": { "full_id": "w363431395", "osm_id": "363431395", "osm_type": "way", "building": "yes", "phone": null, "height": null, "architect": null, "addr:suburb": null, "addr:street": null, "addr:province": null, "addr:postcode": null, "addr:place": null, "addr:housenumber": null, "addr:country": null, "addr:city": null, "shop": null, "religion": null, "name": null, "amenity": null, "building:walls": null, "building:use": null, "building:structure": null, "building:roof": null, "building:levels": null, "Tinggi": 3.0, "Dusun": "Kulon" }, "geometry": { "type": "MultiPolygon", "coordinates": [ [ [ [ 110.3619166, -7.7273185 ], [ 110.3619222, -7.7272647 ], [ 110.3619686, -7.7272695 ], [ 110.361963, -7.7273232 ], [ 110.3619166, -7.7273185 ] ] ] ] } },
{ "type": "Feature", "properties": { "full_id": "w363431398", "osm_id": "363431398", "osm_type": "way", "building": "yes", "phone": null, "height": null, "architect": null, "addr:suburb": null, "addr:street": null, "addr:province": null, "addr:postcode": null, "addr:place": null, "addr:housenumber": null, "addr:country": null, "addr:city": null, "shop": null, "religion": null, "name": null, "amenity": null, "building:walls": null, "building:use": null, "building:structure": null, "building:roof": null, "building:levels": null, "Tinggi": 3.0, "Dusun": "Kulon" }, "geometry": { "type": "MultiPolygon", "coordinates": [ [ [ [ 110.3602145, -7.7297121 ], [ 110.3602219, -7.7296814 ], [ 110.3602936, -7.7296982 ], [ 110.3602863, -7.7297289 ], [ 110.3602145, -7.7297121 ] ] ] ] } },
{ "type": "Feature", "properties": { "full_id": "w363431399", "osm_id": "363431399", "osm_type": "way", "building": "yes", "phone": null, "height": null, "architect": null, "addr:suburb": null, "addr:street": null, "addr:province": null, "addr:postcode": null, "addr:place": null, "addr:housenumber": null, "addr:country": null, "addr:city": null, "shop": null, "religion": null, "name": null, "amenity": null, "building:walls": null, "building:use": null, "building:structure": null, "building:roof": null, "building:levels": null, "Tinggi": 3.0, "Dusun": "Kulon" }, "geometry": { "type": "MultiPolygon", "coordinates": [ [ [ [ 110.3617901, -7.7255716 ], [ 110.3618076, -7.7255442 ], [ 110.3618579, -7.7255759 ], [ 110.3618404, -7.7256033 ], [ 110.3617901, -7.7255716 ] ] ] ] } },
{ "type": "Feature", "properties": { "full_id": "w363431400", "osm_id": "363431400", "osm_type": "way", "building": "yes", "phone": null, "height": null, "architect": null, "addr:suburb": null, "addr:street": null, "addr:province": null, "addr:postcode": null, "addr:place": null, "addr:housenumber": null, "addr:country": null, "addr:city": null, "shop": null, "religion": null, "name": null, "amenity": null, "building:walls": null, "building:use": null, "building:structure": null, "building:roof": null, "building:levels": null, "Tinggi": 3.0, "Dusun": "Kulon" }, "geometry": { "type": "MultiPolygon", "coordinates": [ [ [ [ 110.3607887, -7.7281417 ], [ 110.3608595, -7.7281588 ], [ 110.3608371, -7.7282498 ], [ 110.3607663, -7.7282328 ], [ 110.3607887, -7.7281417 ] ] ] ] } },
{ "type": "Feature", "properties": { "full_id": "w363431416", "osm_id": "363431416", "osm_type": "way", "building": "yes", "phone": null, "height": null, "architect": null, "addr:suburb": null, "addr:street": null, "addr:province": null, "addr:postcode": null, "addr:place": null, "addr:housenumber": null, "addr:country": null, "addr:city": null, "shop": null, "religion": null, "name": null, "amenity": null, "building:walls": null, "building:use": null, "building:structure": null, "building:roof": null, "building:levels": null, "Tinggi": 3.0, "Dusun": "Kulon" }, "geometry": { "type": "MultiPolygon", "coordinates": [ [ [ [ 110.3600691, -7.7291704 ], [ 110.3600967, -7.7291311 ], [ 110.3601656, -7.7291787 ], [ 110.360138, -7.729218 ], [ 110.3600691, -7.7291704 ] ] ] ] } },
{ "type": "Feature", "properties": { "full_id": "w363431419", "osm_id": "363431419", "osm_type": "way", "building": "yes", "phone": null, "height": null, "architect": null, "addr:suburb": null, "addr:street": null, "addr:province": null, "addr:postcode": null, "addr:place": null, "addr:housenumber": null, "addr:country": null, "addr:city": null, "shop": null, "religion": null, "name": null, "amenity": null, "building:walls": null, "building:use": null, "building:structure": null, "building:roof": null, "building:levels": null, "Tinggi": 3.0, "Dusun": "Kulon" }, "geometry": { "type": "MultiPolygon", "coordinates": [ [ [ [ 110.3602933, -7.729415 ], [ 110.3603047, -7.7293741 ], [ 110.3603945, -7.7293988 ], [ 110.3603831, -7.7294396 ], [ 110.3602933, -7.729415 ] ] ] ] } },
{ "type": "Feature", "properties": { "full_id": "w363431420", "osm_id": "363431420", "osm_type": "way", "building": "yes", "phone": null, "height": null, "architect": null, "addr:suburb": null, "addr:street": null, "addr:province": null, "addr:postcode": null, "addr:place": null, "addr:housenumber": null, "addr:country": null, "addr:city": null, "shop": null, "religion": null, "name": null, "amenity": null, "building:walls": null, "building:use": null, "building:structure": null, "building:roof": null, "building:levels": null, "Tinggi": 3.0, "Dusun": "Kulon" }, "geometry": { "type": "MultiPolygon", "coordinates": [ [ [ [ 110.3612911, -7.7273185 ], [ 110.3613197, -7.7272337 ], [ 110.3614059, -7.7272622 ], [ 110.3613774, -7.727347 ], [ 110.3612911, -7.7273185 ] ] ] ] } },
{ "type": "Feature", "properties": { "full_id": "w363431422", "osm_id": "363431422", "osm_type": "way", "building": "yes", "phone": null, "height": null, "architect": null, "addr:suburb": null, "addr:street": null, "addr:province": null, "addr:postcode": null, "addr:place": null, "addr:housenumber": null, "addr:country": null, "addr:city": null, "shop": null, "religion": null, "name": null, "amenity": null, "building:walls": null, "building:use": null, "building:structure": null, "building:roof": null, "building:levels": null, "Tinggi": 3.0, "Dusun": "Kulon" }, "geometry": { "type": "MultiPolygon", "coordinates": [ [ [ [ 110.362245, -7.7276046 ], [ 110.3622649, -7.7275215 ], [ 110.3624095, -7.7275555 ], [ 110.3623896, -7.7276386 ], [ 110.362245, -7.7276046 ] ] ] ] } },
{ "type": "Feature", "properties": { "full_id": "w363431428", "osm_id": "363431428", "osm_type": "way", "building": "yes", "phone": null, "height": null, "architect": null, "addr:suburb": null, "addr:street": null, "addr:province": null, "addr:postcode": null, "addr:place": null, "addr:housenumber": null, "addr:country": null, "addr:city": null, "shop": null, "religion": null, "name": null, "amenity": null, "building:walls": null, "building:use": null, "building:structure": null, "building:roof": null, "building:levels": null, "Tinggi": 3.0, "Dusun": "Kulon" }, "geometry": { "type": "MultiPolygon", "coordinates": [ [ [ [ 110.3607072, -7.7280467 ], [ 110.3607789, -7.7280658 ], [ 110.3607358, -7.7282249 ], [ 110.3606641, -7.7282058 ], [ 110.3607072, -7.7280467 ] ] ] ] } },
{ "type": "Feature", "properties": { "full_id": "w363431432", "osm_id": "363431432", "osm_type": "way", "building": "yes", "phone": null, "height": null, "architect": null, "addr:suburb": null, "addr:street": null, "addr:province": null, "addr:postcode": null, "addr:place": null, "addr:housenumber": null, "addr:country": null, "addr:city": null, "shop": null, "religion": null, "name": null, "amenity": null, "building:walls": null, "building:use": null, "building:structure": null, "building:roof": null, "building:levels": null, "Tinggi": 3.0, "Dusun": "Kulon" }, "geometry": { "type": "MultiPolygon", "coordinates": [ [ [ [ 110.3605162, -7.7280917 ], [ 110.3605412, -7.7280025 ], [ 110.3606389, -7.7280293 ], [ 110.360614, -7.7281186 ], [ 110.3605162, -7.7280917 ] ] ] ] } },
{ "type": "Feature", "properties": { "full_id": "w363431436", "osm_id": "363431436", "osm_type": "way", "building": "yes", "phone": null, "height": null, "architect": null, "addr:suburb": null, "addr:street": null, "addr:province": null, "addr:postcode": null, "addr:place": null, "addr:housenumber": null, "addr:country": null, "addr:city": null, "shop": null, "religion": null, "name": null, "amenity": null, "building:walls": null, "building:use": null, "building:structure": null, "building:roof": null, "building:levels": null, "Tinggi": 3.0, "Dusun": "Kulon" }, "geometry": { "type": "MultiPolygon", "coordinates": [ [ [ [ 110.3618837, -7.7261757 ], [ 110.3618991, -7.7260836 ], [ 110.3619946, -7.7260993 ], [ 110.3619792, -7.7261914 ], [ 110.3618837, -7.7261757 ] ] ] ] } },
{ "type": "Feature", "properties": { "full_id": "w363431437", "osm_id": "363431437", "osm_type": "way", "building": "yes", "phone": null, "height": null, "architect": null, "addr:suburb": null, "addr:street": null, "addr:province": null, "addr:postcode": null, "addr:place": null, "addr:housenumber": null, "addr:country": null, "addr:city": null, "shop": null, "religion": null, "name": null, "amenity": null, "building:walls": null, "building:use": null, "building:structure": null, "building:roof": null, "building:levels": null, "Tinggi": 3.0, "Dusun": "Kulon" }, "geometry": { "type": "MultiPolygon", "coordinates": [ [ [ [ 110.3621276, -7.7276901 ], [ 110.3622072, -7.7277041 ], [ 110.3621849, -7.7278284 ], [ 110.3621052, -7.7278143 ], [ 110.3621276, -7.7276901 ] ] ] ] } },
{ "type": "Feature", "properties": { "full_id": "w363431445", "osm_id": "363431445", "osm_type": "way", "building": "yes", "phone": null, "height": null, "architect": null, "addr:suburb": null, "addr:street": null, "addr:province": null, "addr:postcode": null, "addr:place": null, "addr:housenumber": null, "addr:country": null, "addr:city": null, "shop": null, "religion": null, "name": null, "amenity": null, "building:walls": null, "building:use": null, "building:structure": null, "building:roof": null, "building:levels": null, "Tinggi": 3.0, "Dusun": "Kulon" }, "geometry": { "type": "MultiPolygon", "coordinates": [ [ [ [ 110.3619038, -7.7273375 ], [ 110.3619692, -7.7273423 ], [ 110.3619564, -7.7275125 ], [ 110.3618911, -7.7275077 ], [ 110.3619038, -7.7273375 ] ] ] ] } },
{ "type": "Feature", "properties": { "full_id": "w363431449", "osm_id": "363431449", "osm_type": "way", "building": "yes", "phone": null, "height": null, "architect": null, "addr:suburb": null, "addr:street": null, "addr:province": null, "addr:postcode": null, "addr:place": null, "addr:housenumber": null, "addr:country": null, "addr:city": null, "shop": null, "religion": null, "name": null, "amenity": null, "building:walls": null, "building:use": null, "building:structure": null, "building:roof": null, "building:levels": null, "Tinggi": 3.0, "Dusun": "Kulon" }, "geometry": { "type": "MultiPolygon", "coordinates": [ [ [ [ 110.3616888, -7.7258594 ], [ 110.3617415, -7.7258978 ], [ 110.361668, -7.7259967 ], [ 110.3616153, -7.7259583 ], [ 110.3616888, -7.7258594 ] ] ] ] } },
{ "type": "Feature", "properties": { "full_id": "w363431450", "osm_id": "363431450", "osm_type": "way", "building": "yes", "phone": null, "height": null, "architect": null, "addr:suburb": null, "addr:street": null, "addr:province": null, "addr:postcode": null, "addr:place": null, "addr:housenumber": null, "addr:country": null, "addr:city": null, "shop": null, "religion": null, "name": null, "amenity": null, "building:walls": null, "building:use": null, "building:structure": null, "building:roof": null, "building:levels": null, "Tinggi": 3.0, "Dusun": "Kulon" }, "geometry": { "type": "MultiPolygon", "coordinates": [ [ [ [ 110.3611534, -7.7265948 ], [ 110.3612147, -7.7266121 ], [ 110.3611859, -7.7267119 ], [ 110.3611246, -7.7266945 ], [ 110.3611534, -7.7265948 ] ] ] ] } },
{ "type": "Feature", "properties": { "full_id": "w363431459", "osm_id": "363431459", "osm_type": "way", "building": "yes", "phone": null, "height": null, "architect": null, "addr:suburb": null, "addr:street": null, "addr:province": null, "addr:postcode": null, "addr:place": null, "addr:housenumber": null, "addr:country": null, "addr:city": null, "shop": null, "religion": null, "name": null, "amenity": null, "building:walls": null, "building:use": null, "building:structure": null, "building:roof": null, "building:levels": null, "Tinggi": 3.0, "Dusun": "Kulon" }, "geometry": { "type": "MultiPolygon", "coordinates": [ [ [ [ 110.3620729, -7.7266845 ], [ 110.3621413, -7.7266956 ], [ 110.3621238, -7.7268009 ], [ 110.3620554, -7.7267897 ], [ 110.3620729, -7.7266845 ] ] ] ] } },
{ "type": "Feature", "properties": { "full_id": "w363431462", "osm_id": "363431462", "osm_type": "way", "building": "yes", "phone": null, "height": null, "architect": null, "addr:suburb": null, "addr:street": null, "addr:province": null, "addr:postcode": null, "addr:place": null, "addr:housenumber": null, "addr:country": null, "addr:city": null, "shop": null, "religion": null, "name": null, "amenity": null, "building:walls": null, "building:use": null, "building:structure": null, "building:roof": null, "building:levels": null, "Tinggi": 3.0, "Dusun": "Kulon" }, "geometry": { "type": "MultiPolygon", "coordinates": [ [ [ [ 110.3606705, -7.728243 ], [ 110.3607665, -7.7282679 ], [ 110.3607289, -7.7284104 ], [ 110.3606329, -7.7283855 ], [ 110.3606705, -7.728243 ] ] ] ] } },
{ "type": "Feature", "properties": { "full_id": "w363431469", "osm_id": "363431469", "osm_type": "way", "building": "yes", "phone": null, "height": null, "architect": null, "addr:suburb": null, "addr:street": null, "addr:province": null, "addr:postcode": null, "addr:place": null, "addr:housenumber": null, "addr:country": null, "addr:city": null, "shop": null, "religion": null, "name": null, "amenity": null, "building:walls": null, "building:use": null, "building:structure": null, "building:roof": null, "building:levels": null, "Tinggi": 3.0, "Dusun": "Kulon" }, "geometry": { "type": "MultiPolygon", "coordinates": [ [ [ [ 110.3622274, -7.7276932 ], [ 110.3622417, -7.727628 ], [ 110.3623967, -7.7276612 ], [ 110.3623824, -7.7277265 ], [ 110.3622274, -7.7276932 ] ] ] ] } },
{ "type": "Feature", "properties": { "full_id": "w363431474", "osm_id": "363431474", "osm_type": "way", "building": "yes", "phone": null, "height": null, "architect": null, "addr:suburb": null, "addr:street": null, "addr:province": null, "addr:postcode": null, "addr:place": null, "addr:housenumber": null, "addr:country": null, "addr:city": null, "shop": null, "religion": null, "name": null, "amenity": null, "building:walls": null, "building:use": null, "building:structure": null, "building:roof": null, "building:levels": null, "Tinggi": 3.0, "Dusun": "Kulon" }, "geometry": { "type": "MultiPolygon", "coordinates": [ [ [ [ 110.3606195, -7.7287627 ], [ 110.3606392, -7.7286864 ], [ 110.3607454, -7.7287133 ], [ 110.3607257, -7.7287896 ], [ 110.3606195, -7.7287627 ] ] ] ] } },
{ "type": "Feature", "properties": { "full_id": "w363431477", "osm_id": "363431477", "osm_type": "way", "building": "yes", "phone": null, "height": null, "architect": null, "addr:suburb": null, "addr:street": null, "addr:province": null, "addr:postcode": null, "addr:place": null, "addr:housenumber": null, "addr:country": null, "addr:city": null, "shop": null, "religion": null, "name": null, "amenity": null, "building:walls": null, "building:use": null, "building:structure": null, "building:roof": null, "building:levels": null, "Tinggi": 3.0, "Dusun": "Kulon" }, "geometry": { "type": "MultiPolygon", "coordinates": [ [ [ [ 110.3616942, -7.726196 ], [ 110.3618001, -7.7262265 ], [ 110.3617758, -7.7263093 ], [ 110.3616699, -7.7262788 ], [ 110.3616942, -7.726196 ] ] ] ] } },
{ "type": "Feature", "properties": { "full_id": "w363431478", "osm_id": "363431478", "osm_type": "way", "building": "yes", "phone": null, "height": null, "architect": null, "addr:suburb": null, "addr:street": null, "addr:province": null, "addr:postcode": null, "addr:place": null, "addr:housenumber": null, "addr:country": null, "addr:city": null, "shop": null, "religion": null, "name": null, "amenity": null, "building:walls": null, "building:use": null, "building:structure": null, "building:roof": null, "building:levels": null, "Tinggi": 3.0, "Dusun": "Kulon" }, "geometry": { "type": "MultiPolygon", "coordinates": [ [ [ [ 110.360458, -7.729047 ], [ 110.3604969, -7.7289781 ], [ 110.3606088, -7.7290403 ], [ 110.3605698, -7.7291091 ], [ 110.360458, -7.729047 ] ] ] ] } },
{ "type": "Feature", "properties": { "full_id": "w363431479", "osm_id": "363431479", "osm_type": "way", "building": "yes", "phone": null, "height": null, "architect": null, "addr:suburb": null, "addr:street": null, "addr:province": null, "addr:postcode": null, "addr:place": null, "addr:housenumber": null, "addr:country": null, "addr:city": null, "shop": null, "religion": null, "name": null, "amenity": null, "building:walls": null, "building:use": null, "building:structure": null, "building:roof": null, "building:levels": null, "Tinggi": 3.0, "Dusun": "Kulon" }, "geometry": { "type": "MultiPolygon", "coordinates": [ [ [ [ 110.3617233, -7.7273114 ], [ 110.3618055, -7.7273287 ], [ 110.3617648, -7.7275187 ], [ 110.3616826, -7.7275013 ], [ 110.3617233, -7.7273114 ] ] ] ] } },
{ "type": "Feature", "properties": { "full_id": "w363431480", "osm_id": "363431480", "osm_type": "way", "building": "yes", "phone": null, "height": null, "architect": null, "addr:suburb": null, "addr:street": null, "addr:province": null, "addr:postcode": null, "addr:place": null, "addr:housenumber": null, "addr:country": null, "addr:city": null, "shop": null, "religion": null, "name": null, "amenity": null, "building:walls": null, "building:use": null, "building:structure": null, "building:roof": null, "building:levels": null, "Tinggi": 3.0, "Dusun": "Kulon" }, "geometry": { "type": "MultiPolygon", "coordinates": [ [ [ [ 110.3614655, -7.7261663 ], [ 110.3614888, -7.7261037 ], [ 110.3615684, -7.7261328 ], [ 110.3615451, -7.7261954 ], [ 110.3614655, -7.7261663 ] ] ] ] } },
{ "type": "Feature", "properties": { "full_id": "w363431482", "osm_id": "363431482", "osm_type": "way", "building": "yes", "phone": null, "height": null, "architect": null, "addr:suburb": null, "addr:street": null, "addr:province": null, "addr:postcode": null, "addr:place": null, "addr:housenumber": null, "addr:country": null, "addr:city": null, "shop": null, "religion": null, "name": null, "amenity": null, "building:walls": null, "building:use": null, "building:structure": null, "building:roof": null, "building:levels": null, "Tinggi": 3.0, "Dusun": "Kulon" }, "geometry": { "type": "MultiPolygon", "coordinates": [ [ [ [ 110.3613079, -7.7275853 ], [ 110.3613484, -7.7274438 ], [ 110.3614498, -7.7274723 ], [ 110.3614094, -7.7276137 ], [ 110.3613079, -7.7275853 ] ] ] ] } },
{ "type": "Feature", "properties": { "full_id": "w363431486", "osm_id": "363431486", "osm_type": "way", "building": "yes", "phone": null, "height": null, "architect": null, "addr:suburb": null, "addr:street": null, "addr:province": null, "addr:postcode": null, "addr:place": null, "addr:housenumber": null, "addr:country": null, "addr:city": null, "shop": null, "religion": null, "name": null, "amenity": null, "building:walls": null, "building:use": null, "building:structure": null, "building:roof": null, "building:levels": null, "Tinggi": 3.0, "Dusun": "Kulon" }, "geometry": { "type": "MultiPolygon", "coordinates": [ [ [ [ 110.3609084, -7.7276581 ], [ 110.3611129, -7.7277346 ], [ 110.3610673, -7.7278542 ], [ 110.3608628, -7.7277777 ], [ 110.3609084, -7.7276581 ] ] ] ] } },
{ "type": "Feature", "properties": { "full_id": "w363431487", "osm_id": "363431487", "osm_type": "way", "building": "yes", "phone": null, "height": null, "architect": null, "addr:suburb": null, "addr:street": null, "addr:province": null, "addr:postcode": null, "addr:place": null, "addr:housenumber": null, "addr:country": null, "addr:city": null, "shop": null, "religion": null, "name": null, "amenity": null, "building:walls": null, "building:use": null, "building:structure": null, "building:roof": null, "building:levels": null, "Tinggi": 3.0, "Dusun": "Kulon" }, "geometry": { "type": "MultiPolygon", "coordinates": [ [ [ [ 110.3620175, -7.7269535 ], [ 110.3620233, -7.7269084 ], [ 110.3620985, -7.7269179 ], [ 110.3620926, -7.726963 ], [ 110.3620175, -7.7269535 ] ] ] ] } },
{ "type": "Feature", "properties": { "full_id": "w363431490", "osm_id": "363431490", "osm_type": "way", "building": "yes", "phone": null, "height": null, "architect": null, "addr:suburb": null, "addr:street": null, "addr:province": null, "addr:postcode": null, "addr:place": null, "addr:housenumber": null, "addr:country": null, "addr:city": null, "shop": null, "religion": null, "name": null, "amenity": null, "building:walls": null, "building:use": null, "building:structure": null, "building:roof": null, "building:levels": null, "Tinggi": 3.0, "Dusun": "Kulon" }, "geometry": { "type": "MultiPolygon", "coordinates": [ [ [ [ 110.3608095, -7.7278549 ], [ 110.3608229, -7.7278237 ], [ 110.360898, -7.7278554 ], [ 110.3608846, -7.7278866 ], [ 110.3608095, -7.7278549 ] ] ] ] } },
{ "type": "Feature", "properties": { "full_id": "w363431498", "osm_id": "363431498", "osm_type": "way", "building": "yes", "phone": null, "height": null, "architect": null, "addr:suburb": null, "addr:street": null, "addr:province": null, "addr:postcode": null, "addr:place": null, "addr:housenumber": null, "addr:country": null, "addr:city": null, "shop": null, "religion": null, "name": null, "amenity": null, "building:walls": null, "building:use": null, "building:structure": null, "building:roof": null, "building:levels": null, "Tinggi": 3.0, "Dusun": "Kulon" }, "geometry": { "type": "MultiPolygon", "coordinates": [ [ [ [ 110.3619387, -7.7265476 ], [ 110.3619842, -7.7265577 ], [ 110.3619633, -7.7266495 ], [ 110.3619178, -7.7266394 ], [ 110.3619387, -7.7265476 ] ] ] ] } },
{ "type": "Feature", "properties": { "full_id": "w363431501", "osm_id": "363431501", "osm_type": "way", "building": "yes", "phone": null, "height": null, "architect": null, "addr:suburb": null, "addr:street": null, "addr:province": null, "addr:postcode": null, "addr:place": null, "addr:housenumber": null, "addr:country": null, "addr:city": null, "shop": null, "religion": null, "name": null, "amenity": null, "building:walls": null, "building:use": null, "building:structure": null, "building:roof": null, "building:levels": null, "Tinggi": 3.0, "Dusun": "Kulon" }, "geometry": { "type": "MultiPolygon", "coordinates": [ [ [ [ 110.3611981, -7.7265258 ], [ 110.3612255, -7.726449 ], [ 110.3613517, -7.7264933 ], [ 110.3613243, -7.7265701 ], [ 110.3611981, -7.7265258 ] ] ] ] } },
{ "type": "Feature", "properties": { "full_id": "w363431503", "osm_id": "363431503", "osm_type": "way", "building": "yes", "phone": null, "height": null, "architect": null, "addr:suburb": null, "addr:street": null, "addr:province": null, "addr:postcode": null, "addr:place": null, "addr:housenumber": null, "addr:country": null, "addr:city": null, "shop": null, "religion": null, "name": null, "amenity": null, "building:walls": null, "building:use": null, "building:structure": null, "building:roof": null, "building:levels": null, "Tinggi": 3.0, "Dusun": "Kulon" }, "geometry": { "type": "MultiPolygon", "coordinates": [ [ [ [ 110.3605173, -7.7287184 ], [ 110.3605368, -7.7286321 ], [ 110.3606249, -7.7286517 ], [ 110.3606054, -7.728738 ], [ 110.3605173, -7.7287184 ] ] ] ] } },
{ "type": "Feature", "properties": { "full_id": "w363431506", "osm_id": "363431506", "osm_type": "way", "building": "yes", "phone": null, "height": null, "architect": null, "addr:suburb": null, "addr:street": null, "addr:province": null, "addr:postcode": null, "addr:place": null, "addr:housenumber": null, "addr:country": null, "addr:city": null, "shop": null, "religion": null, "name": null, "amenity": null, "building:walls": null, "building:use": null, "building:structure": null, "building:roof": null, "building:levels": null, "Tinggi": 3.0, "Dusun": "Kulon" }, "geometry": { "type": "MultiPolygon", "coordinates": [ [ [ [ 110.3618253, -7.7263113 ], [ 110.3619037, -7.7263267 ], [ 110.3618873, -7.7264084 ], [ 110.3618089, -7.726393 ], [ 110.3618253, -7.7263113 ] ] ] ] } },
{ "type": "Feature", "properties": { "full_id": "w363431509", "osm_id": "363431509", "osm_type": "way", "building": "yes", "phone": null, "height": null, "architect": null, "addr:suburb": null, "addr:street": null, "addr:province": null, "addr:postcode": null, "addr:place": null, "addr:housenumber": null, "addr:country": null, "addr:city": null, "shop": null, "religion": null, "name": null, "amenity": null, "building:walls": null, "building:use": null, "building:structure": null, "building:roof": null, "building:levels": null, "Tinggi": 3.0, "Dusun": "Kulon" }, "geometry": { "type": "MultiPolygon", "coordinates": [ [ [ [ 110.3618759, -7.7275314 ], [ 110.3619334, -7.7275353 ], [ 110.3619278, -7.7276176 ], [ 110.3618703, -7.7276137 ], [ 110.3618759, -7.7275314 ] ] ] ] } },
{ "type": "Feature", "properties": { "full_id": "w363431513", "osm_id": "363431513", "osm_type": "way", "building": "yes", "phone": null, "height": null, "architect": null, "addr:suburb": null, "addr:street": null, "addr:province": null, "addr:postcode": null, "addr:place": null, "addr:housenumber": null, "addr:country": null, "addr:city": null, "shop": null, "religion": null, "name": null, "amenity": null, "building:walls": null, "building:use": null, "building:structure": null, "building:roof": null, "building:levels": null, "Tinggi": 3.0, "Dusun": "Kulon" }, "geometry": { "type": "MultiPolygon", "coordinates": [ [ [ [ 110.3600711, -7.7296757 ], [ 110.3601455, -7.729686 ], [ 110.3601359, -7.7297538 ], [ 110.3600615, -7.7297434 ], [ 110.3600711, -7.7296757 ] ] ] ] } },
{ "type": "Feature", "properties": { "full_id": "w363431519", "osm_id": "363431519", "osm_type": "way", "building": "yes", "phone": null, "height": null, "architect": null, "addr:suburb": null, "addr:street": null, "addr:province": null, "addr:postcode": null, "addr:place": null, "addr:housenumber": null, "addr:country": null, "addr:city": null, "shop": null, "religion": null, "name": null, "amenity": null, "building:walls": null, "building:use": null, "building:structure": null, "building:roof": null, "building:levels": null, "Tinggi": 3.0, "Dusun": "Kulon" }, "geometry": { "type": "MultiPolygon", "coordinates": [ [ [ [ 110.3606031, -7.7288261 ], [ 110.3606207, -7.7287777 ], [ 110.3607523, -7.7288248 ], [ 110.3607348, -7.7288731 ], [ 110.3606031, -7.7288261 ] ] ] ] } },
{ "type": "Feature", "properties": { "full_id": "w363431523", "osm_id": "363431523", "osm_type": "way", "building": "yes", "phone": null, "height": null, "architect": null, "addr:suburb": null, "addr:street": null, "addr:province": null, "addr:postcode": null, "addr:place": null, "addr:housenumber": null, "addr:country": null, "addr:city": null, "shop": null, "religion": null, "name": null, "amenity": null, "building:walls": null, "building:use": null, "building:structure": null, "building:roof": null, "building:levels": null, "Tinggi": 3.0, "Dusun": "Kulon" }, "geometry": { "type": "MultiPolygon", "coordinates": [ [ [ [ 110.3616767, -7.7260454 ], [ 110.3617109, -7.7260016 ], [ 110.3617956, -7.7260666 ], [ 110.3617614, -7.7261103 ], [ 110.3616767, -7.7260454 ] ] ] ] } },
{ "type": "Feature", "properties": { "full_id": "w363431524", "osm_id": "363431524", "osm_type": "way", "building": "yes", "phone": null, "height": null, "architect": null, "addr:suburb": null, "addr:street": null, "addr:province": null, "addr:postcode": null, "addr:place": null, "addr:housenumber": null, "addr:country": null, "addr:city": null, "shop": null, "religion": null, "name": null, "amenity": null, "building:walls": null, "building:use": null, "building:structure": null, "building:roof": null, "building:levels": null, "Tinggi": 3.0, "Dusun": "Kulon" }, "geometry": { "type": "MultiPolygon", "coordinates": [ [ [ [ 110.3604422, -7.7291192 ], [ 110.3604958, -7.7291486 ], [ 110.3604512, -7.7292286 ], [ 110.3603975, -7.7291992 ], [ 110.3604422, -7.7291192 ] ] ] ] } },
{ "type": "Feature", "properties": { "full_id": "w363431526", "osm_id": "363431526", "osm_type": "way", "building": "yes", "phone": null, "height": null, "architect": null, "addr:suburb": null, "addr:street": null, "addr:province": null, "addr:postcode": null, "addr:place": null, "addr:housenumber": null, "addr:country": null, "addr:city": null, "shop": null, "religion": null, "name": null, "amenity": null, "building:walls": null, "building:use": null, "building:structure": null, "building:roof": null, "building:levels": null, "Tinggi": 3.0, "Dusun": "Kulon" }, "geometry": { "type": "MultiPolygon", "coordinates": [ [ [ [ 110.3616458, -7.7274301 ], [ 110.3616791, -7.7274413 ], [ 110.3616415, -7.7275506 ], [ 110.3616083, -7.7275393 ], [ 110.3616458, -7.7274301 ] ] ] ] } },
{ "type": "Feature", "properties": { "full_id": "w363431527", "osm_id": "363431527", "osm_type": "way", "building": "yes", "phone": null, "height": null, "architect": null, "addr:suburb": null, "addr:street": null, "addr:province": null, "addr:postcode": null, "addr:place": null, "addr:housenumber": null, "addr:country": null, "addr:city": null, "shop": null, "religion": null, "name": null, "amenity": null, "building:walls": null, "building:use": null, "building:structure": null, "building:roof": null, "building:levels": null, "Tinggi": 3.0, "Dusun": "Kulon" }, "geometry": { "type": "MultiPolygon", "coordinates": [ [ [ [ 110.3615791, -7.7264577 ], [ 110.3616489, -7.7264822 ], [ 110.3616121, -7.7265851 ], [ 110.3615424, -7.7265606 ], [ 110.3615791, -7.7264577 ] ] ] ] } },
{ "type": "Feature", "properties": { "full_id": "w363431528", "osm_id": "363431528", "osm_type": "way", "building": "yes", "phone": null, "height": null, "architect": null, "addr:suburb": null, "addr:street": null, "addr:province": null, "addr:postcode": null, "addr:place": null, "addr:housenumber": null, "addr:country": null, "addr:city": null, "shop": null, "religion": null, "name": null, "amenity": null, "building:walls": null, "building:use": null, "building:structure": null, "building:roof": null, "building:levels": null, "Tinggi": 3.0, "Dusun": "Kulon" }, "geometry": { "type": "MultiPolygon", "coordinates": [ [ [ [ 110.3610671, -7.7274217 ], [ 110.3611906, -7.7274684 ], [ 110.361153, -7.7275658 ], [ 110.3610295, -7.727519 ], [ 110.3610671, -7.7274217 ] ] ] ] } },
{ "type": "Feature", "properties": { "full_id": "w363431530", "osm_id": "363431530", "osm_type": "way", "building": "yes", "phone": null, "height": null, "architect": null, "addr:suburb": null, "addr:street": null, "addr:province": null, "addr:postcode": null, "addr:place": null, "addr:housenumber": null, "addr:country": null, "addr:city": null, "shop": null, "religion": null, "name": null, "amenity": null, "building:walls": null, "building:use": null, "building:structure": null, "building:roof": null, "building:levels": null, "Tinggi": 3.0, "Dusun": "Kulon" }, "geometry": { "type": "MultiPolygon", "coordinates": [ [ [ [ 110.3614598, -7.7261786 ], [ 110.3615371, -7.7262066 ], [ 110.3615089, -7.7262833 ], [ 110.3614316, -7.7262553 ], [ 110.3614598, -7.7261786 ] ] ] ] } },
{ "type": "Feature", "properties": { "full_id": "w363431533", "osm_id": "363431533", "osm_type": "way", "building": "yes", "phone": null, "height": null, "architect": null, "addr:suburb": null, "addr:street": null, "addr:province": null, "addr:postcode": null, "addr:place": null, "addr:housenumber": null, "addr:country": null, "addr:city": null, "shop": null, "religion": null, "name": null, "amenity": null, "building:walls": null, "building:use": null, "building:structure": null, "building:roof": null, "building:levels": null, "Tinggi": 3.0, "Dusun": "Kulon" }, "geometry": { "type": "MultiPolygon", "coordinates": [ [ [ [ 110.3614429, -7.7271602 ], [ 110.3614973, -7.7271769 ], [ 110.3614406, -7.7273581 ], [ 110.3613862, -7.7273414 ], [ 110.3614429, -7.7271602 ] ] ] ] } },
{ "type": "Feature", "properties": { "full_id": "w363431534", "osm_id": "363431534", "osm_type": "way", "building": "yes", "phone": null, "height": null, "architect": null, "addr:suburb": null, "addr:street": null, "addr:province": null, "addr:postcode": null, "addr:place": null, "addr:housenumber": null, "addr:country": null, "addr:city": null, "shop": null, "religion": null, "name": null, "amenity": null, "building:walls": null, "building:use": null, "building:structure": null, "building:roof": null, "building:levels": null, "Tinggi": 3.0, "Dusun": "Kulon" }, "geometry": { "type": "MultiPolygon", "coordinates": [ [ [ [ 110.3617956, -7.7265891 ], [ 110.3618699, -7.7266071 ], [ 110.3618427, -7.7267171 ], [ 110.3617684, -7.7266991 ], [ 110.3617956, -7.7265891 ] ] ] ] } },
{ "type": "Feature", "properties": { "full_id": "w363431540", "osm_id": "363431540", "osm_type": "way", "building": "yes", "phone": null, "height": null, "architect": null, "addr:suburb": null, "addr:street": null, "addr:province": null, "addr:postcode": null, "addr:place": null, "addr:housenumber": null, "addr:country": null, "addr:city": null, "shop": null, "religion": null, "name": null, "amenity": null, "building:walls": null, "building:use": null, "building:structure": null, "building:roof": null, "building:levels": null, "Tinggi": 3.0, "Dusun": "Kulon" }, "geometry": { "type": "MultiPolygon", "coordinates": [ [ [ [ 110.3606495, -7.727753 ], [ 110.3606679, -7.7276933 ], [ 110.3608013, -7.7277337 ], [ 110.3607829, -7.7277933 ], [ 110.3606495, -7.727753 ] ] ] ] } },
{ "type": "Feature", "properties": { "full_id": "w363431542", "osm_id": "363431542", "osm_type": "way", "building": "yes", "phone": null, "height": null, "architect": null, "addr:suburb": null, "addr:street": null, "addr:province": null, "addr:postcode": null, "addr:place": null, "addr:housenumber": null, "addr:country": null, "addr:city": null, "shop": null, "religion": null, "name": null, "amenity": null, "building:walls": null, "building:use": null, "building:structure": null, "building:roof": null, "building:levels": null, "Tinggi": 3.0, "Dusun": "Kulon" }, "geometry": { "type": "MultiPolygon", "coordinates": [ [ [ [ 110.3620281, -7.7268723 ], [ 110.3620364, -7.7268136 ], [ 110.3621166, -7.7268248 ], [ 110.3621083, -7.7268835 ], [ 110.3620281, -7.7268723 ] ] ] ] } },
{ "type": "Feature", "properties": { "full_id": "w363431543", "osm_id": "363431543", "osm_type": "way", "building": "yes", "phone": null, "height": null, "architect": null, "addr:suburb": null, "addr:street": null, "addr:province": null, "addr:postcode": null, "addr:place": null, "addr:housenumber": null, "addr:country": null, "addr:city": null, "shop": null, "religion": null, "name": null, "amenity": null, "building:walls": null, "building:use": null, "building:structure": null, "building:roof": null, "building:levels": null, "Tinggi": 3.0, "Dusun": "Kulon" }, "geometry": { "type": "MultiPolygon", "coordinates": [ [ [ [ 110.360175, -7.7295537 ], [ 110.360216, -7.7295595 ], [ 110.360199, -7.729677 ], [ 110.3601581, -7.7296712 ], [ 110.360175, -7.7295537 ] ] ] ] } },
{ "type": "Feature", "properties": { "full_id": "w363431544", "osm_id": "363431544", "osm_type": "way", "building": "yes", "phone": null, "height": null, "architect": null, "addr:suburb": null, "addr:street": null, "addr:province": null, "addr:postcode": null, "addr:place": null, "addr:housenumber": null, "addr:country": null, "addr:city": null, "shop": null, "religion": null, "name": null, "amenity": null, "building:walls": null, "building:use": null, "building:structure": null, "building:roof": null, "building:levels": null, "Tinggi": 3.0, "Dusun": "Kulon" }, "geometry": { "type": "MultiPolygon", "coordinates": [ [ [ [ 110.3608036, -7.7278809 ], [ 110.3608825, -7.7279109 ], [ 110.3608497, -7.7279956 ], [ 110.3607709, -7.7279656 ], [ 110.3608036, -7.7278809 ] ] ] ] } },
{ "type": "Feature", "properties": { "full_id": "w363431545", "osm_id": "363431545", "osm_type": "way", "building": "yes", "phone": null, "height": null, "architect": null, "addr:suburb": null, "addr:street": null, "addr:province": null, "addr:postcode": null, "addr:place": null, "addr:housenumber": null, "addr:country": null, "addr:city": null, "shop": null, "religion": null, "name": null, "amenity": null, "building:walls": null, "building:use": null, "building:structure": null, "building:roof": null, "building:levels": null, "Tinggi": 3.0, "Dusun": "Kulon" }, "geometry": { "type": "MultiPolygon", "coordinates": [ [ [ [ 110.3601988, -7.7297748 ], [ 110.3602144, -7.7297243 ], [ 110.3602697, -7.7297411 ], [ 110.3602541, -7.7297916 ], [ 110.3601988, -7.7297748 ] ] ] ] } },
{ "type": "Feature", "properties": { "full_id": "w363431547", "osm_id": "363431547", "osm_type": "way", "building": "yes", "phone": null, "height": null, "architect": null, "addr:suburb": null, "addr:street": null, "addr:province": null, "addr:postcode": null, "addr:place": null, "addr:housenumber": null, "addr:country": null, "addr:city": null, "shop": null, "religion": null, "name": null, "amenity": null, "building:walls": null, "building:use": null, "building:structure": null, "building:roof": null, "building:levels": null, "Tinggi": 3.0, "Dusun": "Kulon" }, "geometry": { "type": "MultiPolygon", "coordinates": [ [ [ [ 110.3607771, -7.7282588 ], [ 110.3608891, -7.7282877 ], [ 110.3608595, -7.7284001 ], [ 110.3607475, -7.7283712 ], [ 110.3607771, -7.7282588 ] ] ] ] } },
{ "type": "Feature", "properties": { "full_id": "w363431553", "osm_id": "363431553", "osm_type": "way", "building": "yes", "phone": null, "height": null, "architect": null, "addr:suburb": null, "addr:street": null, "addr:province": null, "addr:postcode": null, "addr:place": null, "addr:housenumber": null, "addr:country": null, "addr:city": null, "shop": null, "religion": null, "name": null, "amenity": null, "building:walls": null, "building:use": null, "building:structure": null, "building:roof": null, "building:levels": null, "Tinggi": 3.0, "Dusun": "Kulon" }, "geometry": { "type": "MultiPolygon", "coordinates": [ [ [ [ 110.3619175, -7.7266563 ], [ 110.3620172, -7.7266732 ], [ 110.3619986, -7.7267812 ], [ 110.3618988, -7.7267643 ], [ 110.3619175, -7.7266563 ] ] ] ] } },
{ "type": "Feature", "properties": { "full_id": "w363431555", "osm_id": "363431555", "osm_type": "way", "building": "yes", "phone": null, "height": null, "architect": null, "addr:suburb": null, "addr:street": null, "addr:province": null, "addr:postcode": null, "addr:place": null, "addr:housenumber": null, "addr:country": null, "addr:city": null, "shop": null, "religion": null, "name": null, "amenity": null, "building:walls": null, "building:use": null, "building:structure": null, "building:roof": null, "building:levels": null, "Tinggi": 3.0, "Dusun": "Kulon" }, "geometry": { "type": "MultiPolygon", "coordinates": [ [ [ [ 110.3612617, -7.7265715 ], [ 110.36131, -7.7265924 ], [ 110.3612909, -7.7266359 ], [ 110.3612425, -7.726615 ], [ 110.3612617, -7.7265715 ] ] ] ] } },
{ "type": "Feature", "properties": { "full_id": "w363431556", "osm_id": "363431556", "osm_type": "way", "building": "yes", "phone": null, "height": null, "architect": null, "addr:suburb": null, "addr:street": null, "addr:province": null, "addr:postcode": null, "addr:place": null, "addr:housenumber": null, "addr:country": null, "addr:city": null, "shop": null, "religion": null, "name": null, "amenity": null, "building:walls": null, "building:use": null, "building:structure": null, "building:roof": null, "building:levels": null, "Tinggi": 3.0, "Dusun": "Kulon" }, "geometry": { "type": "MultiPolygon", "coordinates": [ [ [ [ 110.3606479, -7.7286433 ], [ 110.3606625, -7.7285792 ], [ 110.360745, -7.7285976 ], [ 110.3607303, -7.7286618 ], [ 110.3606479, -7.7286433 ] ] ] ] } },
{ "type": "Feature", "properties": { "full_id": "w363431557", "osm_id": "363431557", "osm_type": "way", "building": "yes", "phone": null, "height": null, "architect": null, "addr:suburb": null, "addr:street": null, "addr:province": null, "addr:postcode": null, "addr:place": null, "addr:housenumber": null, "addr:country": null, "addr:city": null, "shop": null, "religion": null, "name": null, "amenity": null, "building:walls": null, "building:use": null, "building:structure": null, "building:roof": null, "building:levels": null, "Tinggi": 3.0, "Dusun": "Kulon" }, "geometry": { "type": "MultiPolygon", "coordinates": [ [ [ [ 110.3611255, -7.7271957 ], [ 110.3611765, -7.7272147 ], [ 110.3611389, -7.7273136 ], [ 110.361088, -7.7272947 ], [ 110.3611255, -7.7271957 ] ] ] ] } },
{ "type": "Feature", "properties": { "full_id": "w363431561", "osm_id": "363431561", "osm_type": "way", "building": "yes", "phone": null, "height": null, "architect": null, "addr:suburb": null, "addr:street": null, "addr:province": null, "addr:postcode": null, "addr:place": null, "addr:housenumber": null, "addr:country": null, "addr:city": null, "shop": null, "religion": null, "name": null, "amenity": null, "building:walls": null, "building:use": null, "building:structure": null, "building:roof": null, "building:levels": null, "Tinggi": 3.0, "Dusun": "Kulon" }, "geometry": { "type": "MultiPolygon", "coordinates": [ [ [ [ 110.3616575, -7.7263488 ], [ 110.361676, -7.7262944 ], [ 110.3617647, -7.7263241 ], [ 110.3617462, -7.7263785 ], [ 110.3616575, -7.7263488 ] ] ] ] } },
{ "type": "Feature", "properties": { "full_id": "w363431565", "osm_id": "363431565", "osm_type": "way", "building": "yes", "phone": null, "height": null, "architect": null, "addr:suburb": null, "addr:street": null, "addr:province": null, "addr:postcode": null, "addr:place": null, "addr:housenumber": null, "addr:country": null, "addr:city": null, "shop": null, "religion": null, "name": null, "amenity": null, "building:walls": null, "building:use": null, "building:structure": null, "building:roof": null, "building:levels": null, "Tinggi": 3.0, "Dusun": "Kulon" }, "geometry": { "type": "MultiPolygon", "coordinates": [ [ [ [ 110.3617633, -7.7276264 ], [ 110.3617745, -7.7275253 ], [ 110.3618688, -7.7275355 ], [ 110.3618575, -7.7276367 ], [ 110.3617633, -7.7276264 ] ] ] ] } },
{ "type": "Feature", "properties": { "full_id": "w363431569", "osm_id": "363431569", "osm_type": "way", "building": "yes", "phone": null, "height": null, "architect": null, "addr:suburb": null, "addr:street": null, "addr:province": null, "addr:postcode": null, "addr:place": null, "addr:housenumber": null, "addr:country": null, "addr:city": null, "shop": null, "religion": null, "name": null, "amenity": null, "building:walls": null, "building:use": null, "building:structure": null, "building:roof": null, "building:levels": null, "Tinggi": 3.0, "Dusun": "Kulon" }, "geometry": { "type": "MultiPolygon", "coordinates": [ [ [ [ 110.3603306, -7.7292851 ], [ 110.360346, -7.7292435 ], [ 110.3604352, -7.729276 ], [ 110.3604198, -7.7293176 ], [ 110.3603306, -7.7292851 ] ] ] ] } },
{ "type": "Feature", "properties": { "full_id": "w363431572", "osm_id": "363431572", "osm_type": "way", "building": "yes", "phone": null, "height": null, "architect": null, "addr:suburb": null, "addr:street": null, "addr:province": null, "addr:postcode": null, "addr:place": null, "addr:housenumber": null, "addr:country": null, "addr:city": null, "shop": null, "religion": null, "name": null, "amenity": null, "building:walls": null, "building:use": null, "building:structure": null, "building:roof": null, "building:levels": null, "Tinggi": 3.0, "Dusun": "Kulon" }, "geometry": { "type": "MultiPolygon", "coordinates": [ [ [ [ 110.359957, -7.7297384 ], [ 110.3599674, -7.7296651 ], [ 110.3600515, -7.7296769 ], [ 110.3600411, -7.7297501 ], [ 110.359957, -7.7297384 ] ] ] ] } },
{ "type": "Feature", "properties": { "full_id": "w363431574", "osm_id": "363431574", "osm_type": "way", "building": "yes", "phone": null, "height": null, "architect": null, "addr:suburb": null, "addr:street": null, "addr:province": null, "addr:postcode": null, "addr:place": null, "addr:housenumber": null, "addr:country": null, "addr:city": null, "shop": null, "religion": null, "name": null, "amenity": null, "building:walls": null, "building:use": null, "building:structure": null, "building:roof": null, "building:levels": null, "Tinggi": 3.0, "Dusun": "Kulon" }, "geometry": { "type": "MultiPolygon", "coordinates": [ [ [ [ 110.3603433, -7.7295621 ], [ 110.3603663, -7.7295679 ], [ 110.3603386, -7.7296753 ], [ 110.3603156, -7.7296695 ], [ 110.3603433, -7.7295621 ] ] ] ] } },
{ "type": "Feature", "properties": { "full_id": "w363431575", "osm_id": "363431575", "osm_type": "way", "building": "yes", "phone": null, "height": null, "architect": null, "addr:suburb": null, "addr:street": null, "addr:province": null, "addr:postcode": null, "addr:place": null, "addr:housenumber": null, "addr:country": null, "addr:city": null, "shop": null, "religion": null, "name": null, "amenity": null, "building:walls": null, "building:use": null, "building:structure": null, "building:roof": null, "building:levels": null, "Tinggi": 3.0, "Dusun": "Kulon" }, "geometry": { "type": "MultiPolygon", "coordinates": [ [ [ [ 110.3612704, -7.7269164 ], [ 110.3612977, -7.7268541 ], [ 110.3613712, -7.7268857 ], [ 110.3613439, -7.726948 ], [ 110.3612704, -7.7269164 ] ] ] ] } },
{ "type": "Feature", "properties": { "full_id": "w363431577", "osm_id": "363431577", "osm_type": "way", "building": "yes", "phone": null, "height": null, "architect": null, "addr:suburb": null, "addr:street": null, "addr:province": null, "addr:postcode": null, "addr:place": null, "addr:housenumber": null, "addr:country": null, "addr:city": null, "shop": null, "religion": null, "name": null, "amenity": null, "building:walls": null, "building:use": null, "building:structure": null, "building:roof": null, "building:levels": null, "Tinggi": 3.0, "Dusun": "Kulon" }, "geometry": { "type": "MultiPolygon", "coordinates": [ [ [ [ 110.3609404, -7.727123 ], [ 110.3609622, -7.7270699 ], [ 110.3611196, -7.7271332 ], [ 110.3610978, -7.7271864 ], [ 110.3609404, -7.727123 ] ] ] ] } },
{ "type": "Feature", "properties": { "full_id": "w363431578", "osm_id": "363431578", "osm_type": "way", "building": "yes", "phone": null, "height": null, "architect": null, "addr:suburb": null, "addr:street": null, "addr:province": null, "addr:postcode": null, "addr:place": null, "addr:housenumber": null, "addr:country": null, "addr:city": null, "shop": null, "religion": null, "name": null, "amenity": null, "building:walls": null, "building:use": null, "building:structure": null, "building:roof": null, "building:levels": null, "Tinggi": 3.0, "Dusun": "Kulon" }, "geometry": { "type": "MultiPolygon", "coordinates": [ [ [ [ 110.3618372, -7.7259136 ], [ 110.361867, -7.7258438 ], [ 110.3619444, -7.7258763 ], [ 110.3619147, -7.725946 ], [ 110.3618372, -7.7259136 ] ] ] ] } },
{ "type": "Feature", "properties": { "full_id": "w363431579", "osm_id": "363431579", "osm_type": "way", "building": "yes", "phone": null, "height": null, "architect": null, "addr:suburb": null, "addr:street": null, "addr:province": null, "addr:postcode": null, "addr:place": null, "addr:housenumber": null, "addr:country": null, "addr:city": null, "shop": null, "religion": null, "name": null, "amenity": null, "building:walls": null, "building:use": null, "building:structure": null, "building:roof": null, "building:levels": null, "Tinggi": 3.0, "Dusun": "Kulon" }, "geometry": { "type": "MultiPolygon", "coordinates": [ [ [ [ 110.3617565, -7.7256183 ], [ 110.3617828, -7.7255802 ], [ 110.3618587, -7.7256316 ], [ 110.3618324, -7.7256698 ], [ 110.3617565, -7.7256183 ] ] ] ] } },
{ "type": "Feature", "properties": { "full_id": "w363431581", "osm_id": "363431581", "osm_type": "way", "building": "yes", "phone": null, "height": null, "architect": null, "addr:suburb": null, "addr:street": null, "addr:province": null, "addr:postcode": null, "addr:place": null, "addr:housenumber": null, "addr:country": null, "addr:city": null, "shop": null, "religion": null, "name": null, "amenity": null, "building:walls": null, "building:use": null, "building:structure": null, "building:roof": null, "building:levels": null, "Tinggi": 3.0, "Dusun": "Kulon" }, "geometry": { "type": "MultiPolygon", "coordinates": [ [ [ [ 110.361488, -7.7267189 ], [ 110.3615015, -7.7266788 ], [ 110.3615926, -7.7267089 ], [ 110.3615791, -7.726749 ], [ 110.361488, -7.7267189 ] ] ] ] } },
{ "type": "Feature", "properties": { "full_id": "w363431582", "osm_id": "363431582", "osm_type": "way", "building": "yes", "phone": null, "height": null, "architect": null, "addr:suburb": null, "addr:street": null, "addr:province": null, "addr:postcode": null, "addr:place": null, "addr:housenumber": null, "addr:country": null, "addr:city": null, "shop": null, "religion": null, "name": null, "amenity": null, "building:walls": null, "building:use": null, "building:structure": null, "building:roof": null, "building:levels": null, "Tinggi": 3.0, "Dusun": "Kulon" }, "geometry": { "type": "MultiPolygon", "coordinates": [ [ [ [ 110.3609144, -7.7275499 ], [ 110.3609804, -7.7275764 ], [ 110.3609445, -7.7276643 ], [ 110.3608785, -7.7276378 ], [ 110.3609144, -7.7275499 ] ] ] ] } },
{ "type": "Feature", "properties": { "full_id": "w363431583", "osm_id": "363431583", "osm_type": "way", "building": "yes", "phone": null, "height": null, "architect": null, "addr:suburb": null, "addr:street": null, "addr:province": null, "addr:postcode": null, "addr:place": null, "addr:housenumber": null, "addr:country": null, "addr:city": null, "shop": null, "religion": null, "name": null, "amenity": null, "building:walls": null, "building:use": null, "building:structure": null, "building:roof": null, "building:levels": null, "Tinggi": 3.0, "Dusun": "Kulon" }, "geometry": { "type": "MultiPolygon", "coordinates": [ [ [ [ 110.3620539, -7.7273425 ], [ 110.3620637, -7.7272974 ], [ 110.3621747, -7.7273212 ], [ 110.3621649, -7.7273662 ], [ 110.3620539, -7.7273425 ] ] ] ] } },
{ "type": "Feature", "properties": { "full_id": "w363431586", "osm_id": "363431586", "osm_type": "way", "building": "yes", "phone": null, "height": null, "architect": null, "addr:suburb": null, "addr:street": null, "addr:province": null, "addr:postcode": null, "addr:place": null, "addr:housenumber": null, "addr:country": null, "addr:city": null, "shop": null, "religion": null, "name": null, "amenity": null, "building:walls": null, "building:use": null, "building:structure": null, "building:roof": null, "building:levels": null, "Tinggi": 3.0, "Dusun": "Kulon" }, "geometry": { "type": "MultiPolygon", "coordinates": [ [ [ [ 110.3617988, -7.7265717 ], [ 110.361812, -7.7265237 ], [ 110.3619231, -7.7265538 ], [ 110.3619098, -7.7266018 ], [ 110.3617988, -7.7265717 ] ] ] ] } },
{ "type": "Feature", "properties": { "full_id": "w363431589", "osm_id": "363431589", "osm_type": "way", "building": "yes", "phone": null, "height": null, "architect": null, "addr:suburb": null, "addr:street": null, "addr:province": null, "addr:postcode": null, "addr:place": null, "addr:housenumber": null, "addr:country": null, "addr:city": null, "shop": null, "religion": null, "name": null, "amenity": null, "building:walls": null, "building:use": null, "building:structure": null, "building:roof": null, "building:levels": null, "Tinggi": 3.0, "Dusun": "Kulon" }, "geometry": { "type": "MultiPolygon", "coordinates": [ [ [ [ 110.3605682, -7.7282434 ], [ 110.3606507, -7.7282643 ], [ 110.3606309, -7.728341 ], [ 110.3605484, -7.7283201 ], [ 110.3605682, -7.7282434 ] ] ] ] } },
{ "type": "Feature", "properties": { "full_id": "w363431597", "osm_id": "363431597", "osm_type": "way", "building": "yes", "phone": null, "height": null, "architect": null, "addr:suburb": null, "addr:street": null, "addr:province": null, "addr:postcode": null, "addr:place": null, "addr:housenumber": null, "addr:country": null, "addr:city": null, "shop": null, "religion": null, "name": null, "amenity": null, "building:walls": null, "building:use": null, "building:structure": null, "building:roof": null, "building:levels": null, "Tinggi": 3.0, "Dusun": "Kulon" }, "geometry": { "type": "MultiPolygon", "coordinates": [ [ [ [ 110.3616043, -7.7271412 ], [ 110.3616234, -7.7270776 ], [ 110.361744, -7.7271132 ], [ 110.3617249, -7.7271768 ], [ 110.3616043, -7.7271412 ] ] ] ] } },
{ "type": "Feature", "properties": { "full_id": "w363431601", "osm_id": "363431601", "osm_type": "way", "building": "yes", "phone": null, "height": null, "architect": null, "addr:suburb": null, "addr:street": null, "addr:province": null, "addr:postcode": null, "addr:place": null, "addr:housenumber": null, "addr:country": null, "addr:city": null, "shop": null, "religion": null, "name": null, "amenity": null, "building:walls": null, "building:use": null, "building:structure": null, "building:roof": null, "building:levels": null, "Tinggi": 3.0, "Dusun": "Kulon" }, "geometry": { "type": "MultiPolygon", "coordinates": [ [ [ [ 110.3600756, -7.7295408 ], [ 110.3601612, -7.7295547 ], [ 110.3601432, -7.7296639 ], [ 110.3600575, -7.7296499 ], [ 110.3600756, -7.7295408 ] ] ] ] } },
{ "type": "Feature", "properties": { "full_id": "w363431603", "osm_id": "363431603", "osm_type": "way", "building": "yes", "phone": null, "height": null, "architect": null, "addr:suburb": null, "addr:street": null, "addr:province": null, "addr:postcode": null, "addr:place": null, "addr:housenumber": null, "addr:country": null, "addr:city": null, "shop": null, "religion": null, "name": null, "amenity": null, "building:walls": null, "building:use": null, "building:structure": null, "building:roof": null, "building:levels": null, "Tinggi": 3.0, "Dusun": "Kulon" }, "geometry": { "type": "MultiPolygon", "coordinates": [ [ [ [ 110.360034, -7.7292364 ], [ 110.3600652, -7.7291872 ], [ 110.3601805, -7.7292588 ], [ 110.3601493, -7.7293081 ], [ 110.360034, -7.7292364 ] ] ] ] } },
{ "type": "Feature", "properties": { "full_id": "w363431606", "osm_id": "363431606", "osm_type": "way", "building": "yes", "phone": null, "height": null, "architect": null, "addr:suburb": null, "addr:street": null, "addr:province": null, "addr:postcode": null, "addr:place": null, "addr:housenumber": null, "addr:country": null, "addr:city": null, "shop": null, "religion": null, "name": null, "amenity": null, "building:walls": null, "building:use": null, "building:structure": null, "building:roof": null, "building:levels": null, "Tinggi": 3.0, "Dusun": "Kulon" }, "geometry": { "type": "MultiPolygon", "coordinates": [ [ [ [ 110.3601942, -7.7297876 ], [ 110.3602752, -7.7298157 ], [ 110.3602504, -7.7298862 ], [ 110.3601693, -7.7298581 ], [ 110.3601942, -7.7297876 ] ] ] ] } },
{ "type": "Feature", "properties": { "full_id": "w363431608", "osm_id": "363431608", "osm_type": "way", "building": "yes", "phone": null, "height": null, "architect": null, "addr:suburb": null, "addr:street": null, "addr:province": null, "addr:postcode": null, "addr:place": null, "addr:housenumber": null, "addr:country": null, "addr:city": null, "shop": null, "religion": null, "name": null, "amenity": null, "building:walls": null, "building:use": null, "building:structure": null, "building:roof": null, "building:levels": null, "Tinggi": 3.0, "Dusun": "Kulon" }, "geometry": { "type": "MultiPolygon", "coordinates": [ [ [ [ 110.3611843, -7.7270439 ], [ 110.3612038, -7.7269968 ], [ 110.3613085, -7.7270395 ], [ 110.3612889, -7.7270866 ], [ 110.3611843, -7.7270439 ] ] ] ] } },
{ "type": "Feature", "properties": { "full_id": "w363431612", "osm_id": "363431612", "osm_type": "way", "building": "yes", "phone": null, "height": null, "architect": null, "addr:suburb": null, "addr:street": null, "addr:province": null, "addr:postcode": null, "addr:place": null, "addr:housenumber": null, "addr:country": null, "addr:city": null, "shop": null, "religion": null, "name": null, "amenity": null, "building:walls": null, "building:use": null, "building:structure": null, "building:roof": null, "building:levels": null, "Tinggi": 3.0, "Dusun": "Kulon" }, "geometry": { "type": "MultiPolygon", "coordinates": [ [ [ [ 110.3609984, -7.7270735 ], [ 110.3610258, -7.727006 ], [ 110.3611449, -7.7270535 ], [ 110.3611174, -7.727121 ], [ 110.3609984, -7.7270735 ] ] ] ] } },
{ "type": "Feature", "properties": { "full_id": "w363431620", "osm_id": "363431620", "osm_type": "way", "building": "yes", "phone": null, "height": null, "architect": null, "addr:suburb": null, "addr:street": null, "addr:province": null, "addr:postcode": null, "addr:place": null, "addr:housenumber": null, "addr:country": null, "addr:city": null, "shop": null, "religion": null, "name": null, "amenity": null, "building:walls": null, "building:use": null, "building:structure": null, "building:roof": null, "building:levels": null, "Tinggi": 3.0, "Dusun": "Kulon" }, "geometry": { "type": "MultiPolygon", "coordinates": [ [ [ [ 110.3604315, -7.7293238 ], [ 110.3604449, -7.7292757 ], [ 110.3605285, -7.7292986 ], [ 110.3605151, -7.7293467 ], [ 110.3604315, -7.7293238 ] ] ] ] } },
{ "type": "Feature", "properties": { "full_id": "w363431622", "osm_id": "363431622", "osm_type": "way", "building": "yes", "phone": null, "height": null, "architect": null, "addr:suburb": null, "addr:street": null, "addr:province": null, "addr:postcode": null, "addr:place": null, "addr:housenumber": null, "addr:country": null, "addr:city": null, "shop": null, "religion": null, "name": null, "amenity": null, "building:walls": null, "building:use": null, "building:structure": null, "building:roof": null, "building:levels": null, "Tinggi": 3.0, "Dusun": "Kulon" }, "geometry": { "type": "MultiPolygon", "coordinates": [ [ [ [ 110.3604987, -7.7281662 ], [ 110.3605155, -7.72811 ], [ 110.3605974, -7.7281341 ], [ 110.3605806, -7.7281902 ], [ 110.3604987, -7.7281662 ] ] ] ] } },
{ "type": "Feature", "properties": { "full_id": "w363431623", "osm_id": "363431623", "osm_type": "way", "building": "yes", "phone": null, "height": null, "architect": null, "addr:suburb": null, "addr:street": null, "addr:province": null, "addr:postcode": null, "addr:place": null, "addr:housenumber": null, "addr:country": null, "addr:city": null, "shop": null, "religion": null, "name": null, "amenity": null, "building:walls": null, "building:use": null, "building:structure": null, "building:roof": null, "building:levels": null, "Tinggi": 3.0, "Dusun": "Kulon" }, "geometry": { "type": "MultiPolygon", "coordinates": [ [ [ [ 110.3602642, -7.7295509 ], [ 110.3603255, -7.7295628 ], [ 110.3603023, -7.7296797 ], [ 110.3602411, -7.7296678 ], [ 110.3602642, -7.7295509 ] ] ] ] } },
{ "type": "Feature", "properties": { "full_id": "w363431624", "osm_id": "363431624", "osm_type": "way", "building": "yes", "phone": null, "height": null, "architect": null, "addr:suburb": null, "addr:street": null, "addr:province": null, "addr:postcode": null, "addr:place": null, "addr:housenumber": null, "addr:country": null, "addr:city": null, "shop": null, "religion": null, "name": null, "amenity": null, "building:walls": null, "building:use": null, "building:structure": null, "building:roof": null, "building:levels": null, "Tinggi": 3.0, "Dusun": "Kulon" }, "geometry": { "type": "MultiPolygon", "coordinates": [ [ [ [ 110.3621428, -7.7275412 ], [ 110.36216, -7.7274709 ], [ 110.3622358, -7.7274891 ], [ 110.3622187, -7.7275595 ], [ 110.3621428, -7.7275412 ] ] ] ] } },
{ "type": "Feature", "properties": { "full_id": "w363431626", "osm_id": "363431626", "osm_type": "way", "building": "yes", "phone": null, "height": null, "architect": null, "addr:suburb": null, "addr:street": null, "addr:province": null, "addr:postcode": null, "addr:place": null, "addr:housenumber": null, "addr:country": null, "addr:city": null, "shop": null, "religion": null, "name": null, "amenity": null, "building:walls": null, "building:use": null, "building:structure": null, "building:roof": null, "building:levels": null, "Tinggi": 3.0, "Dusun": "Kulon" }, "geometry": { "type": "MultiPolygon", "coordinates": [ [ [ [ 110.3611278, -7.7268355 ], [ 110.3611953, -7.7268618 ], [ 110.3611673, -7.7269322 ], [ 110.3610998, -7.7269059 ], [ 110.3611278, -7.7268355 ] ] ] ] } },
{ "type": "Feature", "properties": { "full_id": "w363431627", "osm_id": "363431627", "osm_type": "way", "building": "yes", "phone": null, "height": null, "architect": null, "addr:suburb": null, "addr:street": null, "addr:province": null, "addr:postcode": null, "addr:place": null, "addr:housenumber": null, "addr:country": null, "addr:city": null, "shop": null, "religion": null, "name": null, "amenity": null, "building:walls": null, "building:use": null, "building:structure": null, "building:roof": null, "building:levels": null, "Tinggi": 3.0, "Dusun": "Kulon" }, "geometry": { "type": "MultiPolygon", "coordinates": [ [ [ [ 110.3618482, -7.7262781 ], [ 110.3618598, -7.7261945 ], [ 110.3619705, -7.7262096 ], [ 110.3619589, -7.7262932 ], [ 110.3618482, -7.7262781 ] ] ] ] } },
{ "type": "Feature", "properties": { "full_id": "w363431629", "osm_id": "363431629", "osm_type": "way", "building": "yes", "phone": null, "height": null, "architect": null, "addr:suburb": null, "addr:street": null, "addr:province": null, "addr:postcode": null, "addr:place": null, "addr:housenumber": null, "addr:country": null, "addr:city": null, "shop": null, "religion": null, "name": null, "amenity": null, "building:walls": null, "building:use": null, "building:structure": null, "building:roof": null, "building:levels": null, "Tinggi": 3.0, "Dusun": "Kulon" }, "geometry": { "type": "MultiPolygon", "coordinates": [ [ [ [ 110.3619834, -7.7277602 ], [ 110.3620561, -7.7277738 ], [ 110.362038, -7.727869 ], [ 110.3619653, -7.7278554 ], [ 110.3619834, -7.7277602 ] ] ] ] } },
{ "type": "Feature", "properties": { "full_id": "w363431634", "osm_id": "363431634", "osm_type": "way", "building": "yes", "phone": null, "height": null, "architect": null, "addr:suburb": null, "addr:street": null, "addr:province": null, "addr:postcode": null, "addr:place": null, "addr:housenumber": null, "addr:country": null, "addr:city": null, "shop": null, "religion": null, "name": null, "amenity": null, "building:walls": null, "building:use": null, "building:structure": null, "building:roof": null, "building:levels": null, "Tinggi": 3.0, "Dusun": "Kulon" }, "geometry": { "type": "MultiPolygon", "coordinates": [ [ [ [ 110.3620835, -7.7272111 ], [ 110.362148, -7.7272255 ], [ 110.3621312, -7.7272991 ], [ 110.3620667, -7.7272847 ], [ 110.3620835, -7.7272111 ] ] ] ] } },
{ "type": "Feature", "properties": { "full_id": "w363431638", "osm_id": "363431638", "osm_type": "way", "building": "yes", "phone": null, "height": null, "architect": null, "addr:suburb": null, "addr:street": null, "addr:province": null, "addr:postcode": null, "addr:place": null, "addr:housenumber": null, "addr:country": null, "addr:city": null, "shop": null, "religion": null, "name": null, "amenity": null, "building:walls": null, "building:use": null, "building:structure": null, "building:roof": null, "building:levels": null, "Tinggi": 3.0, "Dusun": "Kulon" }, "geometry": { "type": "MultiPolygon", "coordinates": [ [ [ [ 110.3604688, -7.7284449 ], [ 110.3604959, -7.7283544 ], [ 110.360614, -7.7283891 ], [ 110.3605868, -7.7284796 ], [ 110.3604688, -7.7284449 ] ] ] ] } },
{ "type": "Feature", "properties": { "full_id": "w363431642", "osm_id": "363431642", "osm_type": "way", "building": "yes", "phone": null, "height": null, "architect": null, "addr:suburb": null, "addr:street": null, "addr:province": null, "addr:postcode": null, "addr:place": null, "addr:housenumber": null, "addr:country": null, "addr:city": null, "shop": null, "religion": null, "name": null, "amenity": null, "building:walls": null, "building:use": null, "building:structure": null, "building:roof": null, "building:levels": null, "Tinggi": 3.0, "Dusun": "Kulon" }, "geometry": { "type": "MultiPolygon", "coordinates": [ [ [ [ 110.3619939, -7.7261964 ], [ 110.3620627, -7.7262139 ], [ 110.3620317, -7.7263337 ], [ 110.3619628, -7.7263162 ], [ 110.3619939, -7.7261964 ] ] ] ] } },
{ "type": "Feature", "properties": { "full_id": "w363431644", "osm_id": "363431644", "osm_type": "way", "building": "yes", "phone": null, "height": null, "architect": null, "addr:suburb": null, "addr:street": null, "addr:province": null, "addr:postcode": null, "addr:place": null, "addr:housenumber": null, "addr:country": null, "addr:city": null, "shop": null, "religion": null, "name": null, "amenity": null, "building:walls": null, "building:use": null, "building:structure": null, "building:roof": null, "building:levels": null, "Tinggi": 3.0, "Dusun": "Kulon" }, "geometry": { "type": "MultiPolygon", "coordinates": [ [ [ [ 110.3615731, -7.7272338 ], [ 110.3615947, -7.7271619 ], [ 110.3617425, -7.7272054 ], [ 110.3617209, -7.7272773 ], [ 110.3615731, -7.7272338 ] ] ] ] } },
{ "type": "Feature", "properties": { "full_id": "w363431649", "osm_id": "363431649", "osm_type": "way", "building": "yes", "phone": null, "height": null, "architect": null, "addr:suburb": null, "addr:street": null, "addr:province": null, "addr:postcode": null, "addr:place": null, "addr:housenumber": null, "addr:country": null, "addr:city": null, "shop": null, "religion": null, "name": null, "amenity": null, "building:walls": null, "building:use": null, "building:structure": null, "building:roof": null, "building:levels": null, "Tinggi": 3.0, "Dusun": "Kulon" }, "geometry": { "type": "MultiPolygon", "coordinates": [ [ [ [ 110.3602221, -7.7292348 ], [ 110.3602821, -7.7292638 ], [ 110.360229, -7.7293713 ], [ 110.360169, -7.7293422 ], [ 110.3602221, -7.7292348 ] ] ] ] } },
{ "type": "Feature", "properties": { "full_id": "w363431653", "osm_id": "363431653", "osm_type": "way", "building": "yes", "phone": null, "height": null, "architect": null, "addr:suburb": null, "addr:street": null, "addr:province": null, "addr:postcode": null, "addr:place": null, "addr:housenumber": null, "addr:country": null, "addr:city": null, "shop": null, "religion": null, "name": null, "amenity": null, "building:walls": null, "building:use": null, "building:structure": null, "building:roof": null, "building:levels": null, "Tinggi": 3.0, "Dusun": "Kulon" }, "geometry": { "type": "MultiPolygon", "coordinates": [ [ [ [ 110.3612055, -7.7269872 ], [ 110.3612312, -7.7269278 ], [ 110.3613559, -7.7269809 ], [ 110.3613301, -7.7270402 ], [ 110.3612055, -7.7269872 ] ] ] ] } },
{ "type": "Feature", "properties": { "full_id": "w363431666", "osm_id": "363431666", "osm_type": "way", "building": "yes", "phone": null, "height": null, "architect": null, "addr:suburb": null, "addr:street": null, "addr:province": null, "addr:postcode": null, "addr:place": null, "addr:housenumber": null, "addr:country": null, "addr:city": null, "shop": null, "religion": null, "name": null, "amenity": null, "building:walls": null, "building:use": null, "building:structure": null, "building:roof": null, "building:levels": null, "Tinggi": 3.0, "Dusun": "Kulon" }, "geometry": { "type": "MultiPolygon", "coordinates": [ [ [ [ 110.3615849, -7.7256142 ], [ 110.3616247, -7.7255495 ], [ 110.3617125, -7.7256025 ], [ 110.3616728, -7.7256672 ], [ 110.3615849, -7.7256142 ] ] ] ] } },
{ "type": "Feature", "properties": { "full_id": "w363431673", "osm_id": "363431673", "osm_type": "way", "building": "yes", "phone": null, "height": null, "architect": null, "addr:suburb": null, "addr:street": null, "addr:province": null, "addr:postcode": null, "addr:place": null, "addr:housenumber": null, "addr:country": null, "addr:city": null, "shop": null, "religion": null, "name": null, "amenity": null, "building:walls": null, "building:use": null, "building:structure": null, "building:roof": null, "building:levels": null, "Tinggi": 3.0, "Dusun": "Kulon" }, "geometry": { "type": "MultiPolygon", "coordinates": [ [ [ [ 110.36051, -7.7281914 ], [ 110.3605686, -7.7282044 ], [ 110.3605376, -7.7283415 ], [ 110.360479, -7.7283285 ], [ 110.36051, -7.7281914 ] ] ] ] } },
{ "type": "Feature", "properties": { "full_id": "w363431675", "osm_id": "363431675", "osm_type": "way", "building": "yes", "phone": null, "height": null, "architect": null, "addr:suburb": null, "addr:street": null, "addr:province": null, "addr:postcode": null, "addr:place": null, "addr:housenumber": null, "addr:country": null, "addr:city": null, "shop": null, "religion": null, "name": null, "amenity": null, "building:walls": null, "building:use": null, "building:structure": null, "building:roof": null, "building:levels": null, "Tinggi": 3.0, "Dusun": "Kulon" }, "geometry": { "type": "MultiPolygon", "coordinates": [ [ [ [ 110.3621452, -7.7275982 ], [ 110.362228, -7.7276132 ], [ 110.3622152, -7.7276828 ], [ 110.3621324, -7.7276679 ], [ 110.3621452, -7.7275982 ] ] ] ] } },
{ "type": "Feature", "properties": { "full_id": "w363431686", "osm_id": "363431686", "osm_type": "way", "building": "yes", "phone": null, "height": null, "architect": null, "addr:suburb": null, "addr:street": null, "addr:province": null, "addr:postcode": null, "addr:place": null, "addr:housenumber": null, "addr:country": null, "addr:city": null, "shop": null, "religion": null, "name": null, "amenity": null, "building:walls": null, "building:use": null, "building:structure": null, "building:roof": null, "building:levels": null, "Tinggi": 3.0, "Dusun": "Kulon" }, "geometry": { "type": "MultiPolygon", "coordinates": [ [ [ [ 110.3614041, -7.7269609 ], [ 110.361479, -7.7269877 ], [ 110.3614574, -7.727047 ], [ 110.3613825, -7.7270203 ], [ 110.3614041, -7.7269609 ] ] ] ] } },
{ "type": "Feature", "properties": { "full_id": "w363431689", "osm_id": "363431689", "osm_type": "way", "building": "yes", "phone": null, "height": null, "architect": null, "addr:suburb": null, "addr:street": null, "addr:province": null, "addr:postcode": null, "addr:place": null, "addr:housenumber": null, "addr:country": null, "addr:city": null, "shop": null, "religion": null, "name": null, "amenity": null, "building:walls": null, "building:use": null, "building:structure": null, "building:roof": null, "building:levels": null, "Tinggi": 3.0, "Dusun": "Kulon" }, "geometry": { "type": "MultiPolygon", "coordinates": [ [ [ [ 110.3604501, -7.7288897 ], [ 110.3604653, -7.7288636 ], [ 110.3605258, -7.7288983 ], [ 110.3605105, -7.7289244 ], [ 110.3604501, -7.7288897 ] ] ] ] } },
{ "type": "Feature", "properties": { "full_id": "w363431693", "osm_id": "363431693", "osm_type": "way", "building": "yes", "phone": null, "height": null, "architect": null, "addr:suburb": null, "addr:street": null, "addr:province": null, "addr:postcode": null, "addr:place": null, "addr:housenumber": null, "addr:country": null, "addr:city": null, "shop": null, "religion": null, "name": null, "amenity": null, "building:walls": null, "building:use": null, "building:structure": null, "building:roof": null, "building:levels": null, "Tinggi": 3.0, "Dusun": "Kulon" }, "geometry": { "type": "MultiPolygon", "coordinates": [ [ [ [ 110.3615061, -7.7260256 ], [ 110.3615395, -7.7259522 ], [ 110.3616384, -7.7259964 ], [ 110.3616049, -7.7260698 ], [ 110.3615061, -7.7260256 ] ] ] ] } },
{ "type": "Feature", "properties": { "full_id": "w363431696", "osm_id": "363431696", "osm_type": "way", "building": "yes", "phone": null, "height": null, "architect": null, "addr:suburb": null, "addr:street": null, "addr:province": null, "addr:postcode": null, "addr:place": null, "addr:housenumber": null, "addr:country": null, "addr:city": null, "shop": null, "religion": null, "name": null, "amenity": null, "building:walls": null, "building:use": null, "building:structure": null, "building:roof": null, "building:levels": null, "Tinggi": 3.0, "Dusun": "Kulon" }, "geometry": { "type": "MultiPolygon", "coordinates": [ [ [ [ 110.3607218, -7.7278362 ], [ 110.3607871, -7.7278563 ], [ 110.3607567, -7.7279529 ], [ 110.3606915, -7.7279327 ], [ 110.3607218, -7.7278362 ] ] ] ] } },
{ "type": "Feature", "properties": { "full_id": "w363431700", "osm_id": "363431700", "osm_type": "way", "building": "yes", "phone": null, "height": null, "architect": null, "addr:suburb": null, "addr:street": null, "addr:province": null, "addr:postcode": null, "addr:place": null, "addr:housenumber": null, "addr:country": null, "addr:city": null, "shop": null, "religion": null, "name": null, "amenity": null, "building:walls": null, "building:use": null, "building:structure": null, "building:roof": null, "building:levels": null, "Tinggi": 3.0, "Dusun": "Kulon" }, "geometry": { "type": "MultiPolygon", "coordinates": [ [ [ [ 110.3614733, -7.7275298 ], [ 110.3615322, -7.7275436 ], [ 110.3615034, -7.7276647 ], [ 110.3614445, -7.727651 ], [ 110.3614733, -7.7275298 ] ] ] ] } },
{ "type": "Feature", "properties": { "full_id": "w363431704", "osm_id": "363431704", "osm_type": "way", "building": "yes", "phone": null, "height": null, "architect": null, "addr:suburb": null, "addr:street": null, "addr:province": null, "addr:postcode": null, "addr:place": null, "addr:housenumber": null, "addr:country": null, "addr:city": null, "shop": null, "religion": null, "name": null, "amenity": null, "building:walls": null, "building:use": null, "building:structure": null, "building:roof": null, "building:levels": null, "Tinggi": 3.0, "Dusun": "Kulon" }, "geometry": { "type": "MultiPolygon", "coordinates": [ [ [ [ 110.3600287, -7.7298688 ], [ 110.3600871, -7.7298786 ], [ 110.3600736, -7.7299581 ], [ 110.3600151, -7.7299483 ], [ 110.3600287, -7.7298688 ] ] ] ] } },
{ "type": "Feature", "properties": { "full_id": "w363431713", "osm_id": "363431713", "osm_type": "way", "building": "yes", "phone": null, "height": null, "architect": null, "addr:suburb": null, "addr:street": null, "addr:province": null, "addr:postcode": null, "addr:place": null, "addr:housenumber": null, "addr:country": null, "addr:city": null, "shop": null, "religion": null, "name": null, "amenity": null, "building:walls": null, "building:use": null, "building:structure": null, "building:roof": null, "building:levels": null, "Tinggi": 3.0, "Dusun": "Kulon" }, "geometry": { "type": "MultiPolygon", "coordinates": [ [ [ [ 110.3608955, -7.7279218 ], [ 110.3609151, -7.7278786 ], [ 110.360995, -7.7279142 ], [ 110.3609754, -7.7279574 ], [ 110.3608955, -7.7279218 ] ] ] ] } },
{ "type": "Feature", "properties": { "full_id": "w363431715", "osm_id": "363431715", "osm_type": "way", "building": "yes", "phone": null, "height": null, "architect": null, "addr:suburb": null, "addr:street": null, "addr:province": null, "addr:postcode": null, "addr:place": null, "addr:housenumber": null, "addr:country": null, "addr:city": null, "shop": null, "religion": null, "name": null, "amenity": null, "building:walls": null, "building:use": null, "building:structure": null, "building:roof": null, "building:levels": null, "Tinggi": 3.0, "Dusun": "Kulon" }, "geometry": { "type": "MultiPolygon", "coordinates": [ [ [ [ 110.3608456, -7.7275223 ], [ 110.3609144, -7.7275499 ], [ 110.3608785, -7.7276378 ], [ 110.3608097, -7.7276101 ], [ 110.3608456, -7.7275223 ] ] ] ] } },
{ "type": "Feature", "properties": { "full_id": "w363431720", "osm_id": "363431720", "osm_type": "way", "building": "yes", "phone": null, "height": null, "architect": null, "addr:suburb": null, "addr:street": null, "addr:province": null, "addr:postcode": null, "addr:place": null, "addr:housenumber": null, "addr:country": null, "addr:city": null, "shop": null, "religion": null, "name": null, "amenity": null, "building:walls": null, "building:use": null, "building:structure": null, "building:roof": null, "building:levels": null, "Tinggi": 3.0, "Dusun": "Kulon" }, "geometry": { "type": "MultiPolygon", "coordinates": [ [ [ [ 110.3623584, -7.7274217 ], [ 110.3624357, -7.7274381 ], [ 110.3624189, -7.7275157 ], [ 110.3623417, -7.7274993 ], [ 110.3623584, -7.7274217 ] ] ] ] } },
{ "type": "Feature", "properties": { "full_id": "w363431728", "osm_id": "363431728", "osm_type": "way", "building": "yes", "phone": null, "height": null, "architect": null, "addr:suburb": null, "addr:street": null, "addr:province": null, "addr:postcode": null, "addr:place": null, "addr:housenumber": null, "addr:country": null, "addr:city": null, "shop": null, "religion": null, "name": null, "amenity": null, "building:walls": null, "building:use": null, "building:structure": null, "building:roof": null, "building:levels": null, "Tinggi": 3.0, "Dusun": "Kulon" }, "geometry": { "type": "MultiPolygon", "coordinates": [ [ [ [ 110.3604773, -7.728535 ], [ 110.3605262, -7.728546 ], [ 110.3605036, -7.7286445 ], [ 110.3604547, -7.7286335 ], [ 110.3604773, -7.728535 ] ] ] ] } },
{ "type": "Feature", "properties": { "full_id": "w363431734", "osm_id": "363431734", "osm_type": "way", "building": "yes", "phone": null, "height": null, "architect": null, "addr:suburb": null, "addr:street": null, "addr:province": null, "addr:postcode": null, "addr:place": null, "addr:housenumber": null, "addr:country": null, "addr:city": null, "shop": null, "religion": null, "name": null, "amenity": null, "building:walls": null, "building:use": null, "building:structure": null, "building:roof": null, "building:levels": null, "Tinggi": 3.0, "Dusun": "Kulon" }, "geometry": { "type": "MultiPolygon", "coordinates": [ [ [ [ 110.3611404, -7.7271354 ], [ 110.3611649, -7.7270684 ], [ 110.3612965, -7.7271157 ], [ 110.3612223, -7.7273186 ], [ 110.3611742, -7.7273013 ], [ 110.3612239, -7.7271654 ], [ 110.3611404, -7.7271354 ] ] ] ] } },
{ "type": "Feature", "properties": { "full_id": "w363431735", "osm_id": "363431735", "osm_type": "way", "building": "yes", "phone": null, "height": null, "architect": null, "addr:suburb": null, "addr:street": null, "addr:province": null, "addr:postcode": null, "addr:place": null, "addr:housenumber": null, "addr:country": null, "addr:city": null, "shop": null, "religion": null, "name": null, "amenity": null, "building:walls": null, "building:use": null, "building:structure": null, "building:roof": null, "building:levels": null, "Tinggi": 3.0, "Dusun": "Kulon" }, "geometry": { "type": "MultiPolygon", "coordinates": [ [ [ [ 110.3612146, -7.7264336 ], [ 110.3612596, -7.7263023 ], [ 110.3613197, -7.7263225 ], [ 110.3613, -7.7263799 ], [ 110.3613891, -7.7264098 ], [ 110.3613638, -7.7264837 ], [ 110.3612146, -7.7264336 ] ] ] ] } },
{ "type": "Feature", "properties": { "full_id": "w363431737", "osm_id": "363431737", "osm_type": "way", "building": "yes", "phone": null, "height": null, "architect": null, "addr:suburb": null, "addr:street": null, "addr:province": null, "addr:postcode": null, "addr:place": null, "addr:housenumber": null, "addr:country": null, "addr:city": null, "shop": null, "religion": null, "name": null, "amenity": null, "building:walls": null, "building:use": null, "building:structure": null, "building:roof": null, "building:levels": null, "Tinggi": 3.0, "Dusun": "Kulon" }, "geometry": { "type": "MultiPolygon", "coordinates": [ [ [ [ 110.3618541, -7.72678 ], [ 110.3620089, -7.7267991 ], [ 110.3619848, -7.72699 ], [ 110.3619367, -7.726984 ], [ 110.3619496, -7.7268822 ], [ 110.3618428, -7.7268689 ], [ 110.3618541, -7.72678 ] ] ] ] } },
{ "type": "Feature", "properties": { "full_id": "w363431738", "osm_id": "363431738", "osm_type": "way", "building": "yes", "phone": null, "height": null, "architect": null, "addr:suburb": null, "addr:street": null, "addr:province": null, "addr:postcode": null, "addr:place": null, "addr:housenumber": null, "addr:country": null, "addr:city": null, "shop": null, "religion": null, "name": null, "amenity": null, "building:walls": null, "building:use": null, "building:structure": null, "building:roof": null, "building:levels": null, "Tinggi": 3.0, "Dusun": "Kulon" }, "geometry": { "type": "MultiPolygon", "coordinates": [ [ [ [ 110.3617941, -7.7260732 ], [ 110.3618833, -7.726103 ], [ 110.361862, -7.7261659 ], [ 110.3618086, -7.7261481 ], [ 110.3617939, -7.7261914 ], [ 110.3617579, -7.7261794 ], [ 110.3617941, -7.7260732 ] ] ] ] } }
]
}
